pleasant,eventful,chaotic,vibrant,uneventful,calm,annoying,monotonous,GroupID
5.0,3.5,1.5,4.5,3.5,4.5,1.0,2.5,2CV11
2.0,3.0,2.5,4.0,2.5,1.5,3.0,3.0,2CV12
5.0,3.0,1.333333,3.0,3.0,4.0,2.0,2.0,2CV13
4.0,4.0,4.0,4.0,1.0,2.0,2.0,1.0,2CV14
4.0,2.5,1.5,2.5,2.0,4.5,1.5,2.0,2CV15
5.0,2.0,2.0,4.0,2.0,4.0,1.0,2.0,2CV22
4.0,4.0,5.0,1.0,2.0,1.0,3.0,1.0,2CV23
3.0,4.0,4.0,3.0,1.0,3.0,3.0,3.0,2CV25
4.0,3.5,2.0,3.0,2.5,3.0,3.5,2.0,2CV31
4.6,3.8,3.8,4.2,3.8,3.4,2.6,4.4,2CV32
4.5,4.0,2.0,1.5,1.5,4.0,1.0,2.0,2CV33
4.4,3.6,2.8,2.6,2.4,3.8,1.8,2.2,2CV34
4.5,3.5,2.0,2.5,2.0,4.0,1.0,1.5,2CV41
5.0,3.5,1.0,2.0,3.0,5.0,1.5,1.5,2CV51
5.0,5.0,1.0,3.0,1.0,5.0,1.0,1.0,2CV61
4.47619,3.857143,2.761905,4.428571,2.571429,4.142857,2.0,2.428571,2CV62
4.0,3.5,3.0,4.0,3.5,4.5,2.0,2.5,AM02
3.0,3.5,3.0,3.0,2.5,3.5,2.0,2.5,AM06
5.0,5.0,1.0,5.0,1.0,1.0,1.0,1.0,AM07
4.413793,3.275862,1.793103,2.862069,2.827586,4.068966,1.586207,2.241379,CP0
4.681818,3.636364,1.636364,3.090909,2.545455,4.318182,1.454545,2.409091,CP00
5.0,2.5,1.333333,2.666667,3.333333,4.5,1.0,3.0,CP1
4.5,4.5,1.0,4.0,1.0,4.0,2.0,3.0,CP11
5.0,2.0,1.0,3.0,4.0,5.0,2.0,3.0,CP12
4.25,3.25,2.0,3.0,3.5,4.0,2.0,2.75,CP13
5.0,4.0,1.0,3.0,2.0,5.0,1.0,4.0,CP14
4.0,3.5,2.0,2.75,2.0,2.75,1.25,1.25,CP16
5.0,4.25,2.25,3.5,1.75,4.25,1.25,2.0,CP17
4.8,3.8,1.4,2.8,3.2,4.6,1.2,2.4,CP18
4.0,5.0,4.0,3.0,1.0,2.0,3.0,1.0,CP19
4.5,2.5,1.5,1.0,2.5,4.5,1.5,3.0,CP20
4.5,4.0,3.0,4.0,2.5,3.5,1.5,2.0,CP21
4.0,3.666667,2.333333,2.0,2.666667,4.0,2.333333,2.666667,CP3
5.0,3.333333,1.666667,3.666667,4.333333,4.666667,1.333333,3.0,CP4
4.5,2.0,1.5,2.5,3.0,5.0,1.5,3.0,CP5
2.5,2.0,3.5,2.5,4.5,3.0,3.5,2.5,CP6
5.0,3.0,1.0,1.0,4.0,5.0,1.0,4.0,CP7
2.0,2.0,4.0,4.0,2.0,2.0,4.0,2.0,CP8
4.0,4.0,2.333333,4.0,2.333333,3.666667,2.666667,3.0,CP9
3.0,3.0,3.666667,2.666667,1.666667,1.333333,3.333333,3.0,CT101
4.0,2.0,2.0,2.0,5.0,5.0,3.0,5.0,CT102
3.0,4.0,4.0,5.0,1.0,2.0,2.0,1.0,CT103
2.0,4.0,4.0,5.0,1.0,2.0,2.0,2.0,CT104
4.0,3.0,4.0,4.0,3.0,2.0,4.0,1.0,CT107
3.0,3.0,3.0,3.0,3.0,1.0,3.0,3.0,CT108
3.333333,4.333333,4.666667,3.333333,2.0,1.666667,2.666667,2.0,CT109
3.0,3.0,1.0,1.0,1.0,3.0,4.0,2.0,CT110
2.0,4.5,5.0,4.0,1.5,1.5,2.5,2.0,CT112
4.0,3.5,2.5,4.5,3.5,1.5,2.5,1.5,CT113
2.0,5.0,4.0,4.0,1.0,1.0,3.0,2.0,CT114
2.5,4.5,4.0,2.0,2.5,2.0,3.0,3.0,CT116
1.5,3.5,3.5,4.0,2.0,1.0,3.0,2.5,CT117
1.0,5.0,5.0,4.0,2.0,1.0,5.0,2.0,CT119
4.0,5.0,2.0,5.0,1.0,3.0,3.0,2.0,CT120
3.0,3.0,3.0,3.0,3.0,2.0,3.0,3.0,CT121
3.0,1.0,1.0,2.0,3.0,5.0,3.0,4.0,CT122
4.0,4.0,4.0,4.0,1.0,1.0,2.0,2.0,CT123
3.0,3.0,4.0,3.0,3.0,2.0,3.0,3.0,CT124
2.0,4.5,4.5,3.5,1.0,2.5,3.5,2.0,CT201
3.5,4.5,5.0,4.0,2.0,1.0,2.0,2.5,CT202
4.0,4.5,4.5,5.0,2.0,3.0,1.5,4.5,CT203
2.0,5.0,5.0,5.0,3.0,2.0,4.0,5.0,CT301
2.0,5.0,4.5,4.5,1.0,1.0,2.5,1.5,CT305
4.0,3.0,3.0,5.0,4.0,5.0,5.0,4.0,CT306
2.0,3.0,4.5,2.5,3.0,1.5,4.5,3.0,CT308
4.0,4.0,2.0,4.0,2.0,2.0,2.0,2.0,CT309
2.0,4.0,4.0,4.0,2.0,1.0,4.0,4.0,CT310
3.0,3.0,3.5,3.0,3.0,2.0,2.0,3.0,CT311
3.0,3.666667,3.333333,3.0,3.0,2.333333,3.0,3.0,CT312
2.0,4.0,4.0,4.0,1.5,2.5,3.0,1.5,CT313
4.0,5.0,4.0,5.0,1.0,2.0,1.0,1.0,CT314
3.0,3.0,4.0,3.0,2.0,1.0,2.0,3.0,CT315
2.0,4.0,5.0,3.0,3.0,1.0,2.0,1.0,CT317
2.0,4.5,5.0,5.0,1.0,1.0,3.0,2.5,CT318
4.0,4.0,4.0,4.0,2.0,2.0,1.0,2.0,CT319
5.0,4.0,5.0,4.0,4.0,2.0,5.0,5.0,CT320
3.5,4.0,3.5,4.5,1.5,1.5,2.5,2.0,CT321
3.0,4.5,2.0,4.0,1.5,1.0,4.0,1.0,CT322
3.5,4.0,3.5,3.0,2.5,2.5,3.5,1.5,CT323
4.0,5.0,5.0,5.0,1.0,2.0,3.0,1.0,CT324
3.0,4.0,2.0,4.0,3.0,1.0,3.0,3.0,CT325
4.0,4.0,2.0,3.0,2.0,3.0,1.0,3.0,CT326
4.5,5.0,3.0,3.5,1.5,2.0,2.0,2.5,CT327
2.0,3.5,5.0,2.5,1.5,1.5,2.5,3.0,CT328
3.0,4.0,3.0,3.0,3.0,4.0,4.0,1.0,CT329
4.0,4.0,2.0,4.0,1.0,4.0,3.0,5.0,CT401
1.0,4.0,5.0,4.0,2.0,1.0,4.0,3.0,CT402
2.0,4.0,4.0,4.0,1.0,2.0,2.0,2.0,CT403
2.0,4.0,5.0,3.0,3.0,1.0,4.0,3.0,CT404
1.0,1.0,1.0,1.0,1.0,1.0,5.0,1.0,CT405
1.0,2.0,5.0,3.0,2.0,1.0,4.0,5.0,CT406
2.0,2.5,2.0,2.5,1.5,1.5,4.0,2.0,CT407
1.0,2.0,1.0,1.0,1.0,1.0,3.0,5.0,CT408
2.6,4.4,4.4,3.6,1.4,1.4,2.4,2.0,CT412
2.0,4.0,4.0,5.0,2.0,1.0,2.0,1.0,CT413
1.0,3.0,4.666667,4.0,3.0,1.0,4.666667,4.0,CT414
1.0,2.0,5.0,5.0,2.0,1.0,2.0,5.0,CT415
5.0,3.0,2.0,2.0,3.0,4.0,2.0,4.0,CV12
4.0,3.666667,2.666667,3.666667,2.666667,2.666667,2.333333,1.333333,CV14
4.8,4.0,1.2,3.4,1.8,4.6,1.2,2.2,CV15
4.0,2.25,1.75,2.25,2.0,4.0,2.0,2.75,CV16
4.0,1.0,1.0,1.0,1.0,3.5,1.0,1.0,CV210
5.0,2.5,1.0,4.0,2.5,5.0,1.0,1.0,CV212
5.0,2.0,1.0,4.0,2.0,5.0,2.0,2.0,CV214
4.666667,3.333333,1.0,2.666667,3.0,4.0,1.333333,1.666667,CV22
5.0,4.0,3.0,4.0,1.0,5.0,2.0,1.0,CV23
4.5,2.5,1.0,1.0,3.0,4.0,1.5,1.0,CV27
5.0,3.0,1.0,3.0,4.0,5.0,1.0,2.0,CV28
4.0,3.0,3.0,4.0,2.0,3.0,2.0,3.0,CV31
5.0,3.0,1.0,4.0,3.0,4.0,2.0,4.0,CV33
4.0,3.0,1.0,3.0,1.0,4.0,1.0,1.0,CV35
4.0,1.0,1.0,1.0,1.0,4.0,1.0,1.0,CV37
4.0,2.0,1.0,2.0,2.0,4.0,1.0,1.0,CV38
4.0,4.0,2.0,2.0,2.0,3.0,3.0,2.0,CV39
5.0,1.0,1.0,1.0,5.0,5.0,1.0,1.0,CV41
5.0,5.0,1.0,5.0,5.0,5.0,1.0,1.0,CV42
4.666667,3.0,1.0,1.666667,2.0,4.666667,1.0,1.333333,CV43
5.0,2.0,1.5,2.5,1.0,4.5,1.0,1.0,CV45
1.0,1.5,3.0,2.5,2.0,1.5,3.0,2.0,ET101
3.0,4.333333,3.333333,2.666667,1.666667,2.333333,3.666667,3.333333,ET103
2.0,3.0,5.0,5.0,1.0,1.0,3.0,1.0,ET104
4.0,3.0,4.0,4.0,4.0,2.5,3.5,3.5,ET105
2.5,3.5,2.5,2.5,3.5,2.5,3.0,4.0,ET106
3.0,1.0,4.0,2.0,3.0,2.0,4.0,4.0,ET107
3.0,4.0,4.0,4.0,3.0,2.0,5.0,3.0,ET108
2.0,3.5,4.5,2.5,2.0,1.5,4.0,3.0,ET109
3.5,2.5,3.0,2.5,3.0,2.0,2.5,3.0,ET110
2.5,2.5,3.5,3.5,3.5,2.5,3.5,2.5,ET111
1.0,4.0,5.0,1.0,2.0,1.0,2.0,2.0,ET112
1.0,4.0,4.0,2.0,5.0,1.0,5.0,5.0,ET113
2.0,2.333333,4.333333,2.666667,4.0,1.666667,4.0,3.666667,ET115
3.0,2.0,3.0,2.0,4.0,3.0,2.0,4.0,ET116
3.0,4.0,2.0,4.0,2.0,1.0,1.0,1.0,ET117
1.25,3.0,5.0,3.0,2.75,1.0,4.25,3.5,ET118
2.0,4.0,4.0,3.0,3.0,2.0,4.0,4.0,ET119
2.5,4.0,3.5,4.0,1.5,2.0,3.0,2.5,ET120
1.0,5.0,3.0,1.0,1.0,1.0,4.0,4.0,ET121
2.5,2.5,3.5,4.0,3.5,2.0,3.5,1.5,ET122
2.0,3.666667,4.333333,3.0,2.666667,2.0,3.0,3.0,ET123
2.5,2.0,4.0,2.5,4.0,2.0,3.0,4.0,ET124
2.0,3.0,3.0,3.0,2.0,1.0,3.0,3.0,ET125
1.666667,3.0,4.666667,3.333333,3.0,1.333333,4.666667,1.333333,ET201
2.0,4.0,4.0,4.0,2.0,1.0,3.0,2.0,ET202
1.5,3.0,3.5,2.5,3.5,2.0,3.5,2.5,ET203
1.5,3.0,4.5,2.0,2.5,1.0,4.5,1.5,ET205
3.666667,4.0,4.333333,3.666667,3.0,2.0,3.333333,2.333333,ET206
2.75,3.75,4.0,3.5,2.5,1.75,3.75,2.5,ET207
2.0,2.0,4.0,4.0,4.0,2.0,4.0,1.0,ET210
1.0,3.0,2.0,2.0,4.0,5.0,3.0,2.0,ET211
3.0,3.5,4.5,4.0,4.0,2.0,3.5,2.5,ET212
2.0,4.0,2.0,3.0,1.0,2.0,2.0,4.0,ET213
3.0,4.0,4.0,4.0,1.0,2.0,2.0,2.0,ET214
2.0,3.0,4.0,4.0,2.0,3.0,2.0,4.0,ET215
1.0,4.0,5.0,4.0,2.0,1.0,5.0,1.0,ET216
3.0,3.0,3.5,3.5,3.5,2.5,3.5,3.5,ET218
2.5,3.0,3.5,2.5,3.0,2.0,3.0,4.5,ET219
4.0,2.0,5.0,4.0,4.0,1.0,2.0,5.0,ET220
4.0,3.5,2.0,3.0,2.0,2.0,3.5,1.5,ET221
2.0,3.0,4.0,4.0,1.0,1.0,3.0,2.0,ET222
4.0,3.0,3.0,3.0,3.5,3.5,3.5,3.0,ET302
4.0,4.0,3.666667,4.333333,3.333333,3.333333,3.333333,3.666667,ET303
4.0,2.0,2.0,3.0,4.0,4.0,3.0,5.0,ET304
2.0,2.0,4.0,2.0,4.0,1.0,3.0,2.0,ET305
3.2,3.6,3.2,3.4,2.2,2.0,3.8,2.8,ET306
2.0,4.0,4.0,3.333333,2.0,1.666667,3.666667,2.333333,ET307
4.0,3.0,4.0,1.0,3.0,2.0,3.0,4.0,ET308
2.0,3.0,3.5,2.5,3.5,3.0,3.0,4.5,ET310
1.0,4.0,4.0,4.0,1.0,1.0,3.0,3.0,ET311
1.0,3.0,5.0,4.0,4.0,1.0,4.0,4.0,ET312
3.0,3.0,3.0,3.0,3.0,2.0,3.0,3.0,ET313
2.0,4.5,3.0,4.0,2.0,1.5,3.0,2.0,ET314
5.0,3.0,1.0,1.0,3.0,5.0,1.0,1.0,M11
4.5,3.5,4.0,4.5,3.0,4.0,2.5,2.5,M110
5.0,2.5,1.5,1.5,3.0,4.5,1.0,1.5,M111
4.0,4.0,2.333333,3.333333,2.0,3.0,3.0,1.0,M113
5.0,5.0,5.0,4.0,5.0,2.0,3.0,4.0,M12
5.0,4.0,1.0,1.0,1.0,3.0,1.0,1.0,M13
2.0,3.0,3.0,3.0,2.0,4.0,2.0,3.0,M16
5.0,3.5,2.5,3.0,3.0,5.0,1.0,3.0,M17
3.0,3.5,3.5,3.5,1.5,1.5,4.0,1.5,M21
5.0,4.0,1.0,3.0,4.0,4.0,1.0,4.0,M210
4.5,5.0,1.5,5.0,1.0,2.0,2.0,2.5,M22
3.5,2.5,2.5,3.5,2.0,2.0,2.0,1.5,M23
5.0,4.0,3.0,3.0,3.0,3.0,2.0,3.0,M24
4.0,4.0,1.0,3.0,4.0,4.0,2.0,5.0,M26
5.0,4.5,1.5,1.5,1.5,4.0,1.0,2.0,M28
4.666667,4.333333,2.0,2.0,1.333333,3.666667,1.666667,1.666667,M29
2.0,2.0,4.0,3.0,3.0,3.0,4.0,3.0,MC101
4.0,2.0,1.0,3.0,3.0,3.0,3.0,3.0,MC102
4.0,4.0,3.0,3.0,2.0,4.0,2.0,2.0,MC103
5.0,1.0,1.0,2.0,3.0,5.0,1.0,2.0,MC104
4.0,2.5,3.0,2.5,2.5,4.5,2.0,2.0,MC105
4.0,4.0,3.0,3.0,3.0,3.0,3.0,2.0,MC106
3.0,2.0,2.0,3.0,4.0,4.0,2.0,3.0,MC108
5.0,4.0,2.0,4.0,2.0,5.0,1.0,1.0,MC110
4.0,3.0,1.5,2.0,4.0,4.0,2.0,3.0,MC111
3.0,3.0,3.0,3.0,3.0,2.0,4.0,3.0,MC112
2.0,3.0,4.0,2.0,3.0,1.0,4.0,3.0,MC114
3.0,3.0,3.0,3.0,3.0,3.0,3.0,3.0,MC115
1.5,2.5,4.0,3.5,2.5,1.5,4.0,1.5,MC116
3.666667,4.0,3.333333,4.333333,2.333333,2.666667,3.333333,3.0,MC118
4.0,2.5,2.5,3.0,3.5,4.0,1.5,3.0,MC119
5.0,3.0,1.0,5.0,2.5,5.0,1.0,1.0,MC120
5.0,3.5,1.0,3.5,2.0,4.5,1.0,1.5,MC121
4.0,2.0,1.0,4.0,1.0,4.0,2.0,2.0,MC122
5.0,2.0,5.0,4.0,3.0,4.0,1.0,5.0,MC127
3.0,3.0,1.0,2.0,3.0,4.0,3.0,2.0,MC129
5.0,4.0,1.0,4.0,4.0,5.0,1.0,1.0,MC203
2.0,3.0,4.0,4.0,3.0,2.0,1.0,2.0,MC204
4.0,2.0,2.0,3.0,4.0,5.0,1.0,2.0,MC206
4.0,3.0,2.0,5.0,4.0,5.0,2.0,2.0,MC207
5.0,4.0,4.0,4.0,2.0,3.0,2.0,3.0,MC301
3.5,3.5,3.5,2.5,2.0,2.5,3.5,2.0,MC302
4.0,2.0,2.0,3.0,4.0,4.0,2.0,2.0,MC303
5.0,2.0,1.0,1.0,2.0,4.0,1.0,1.0,MC307
4.0,3.0,1.0,3.0,5.0,4.0,2.0,1.0,MC308
4.0,3.0,1.0,3.0,4.0,5.0,1.0,1.0,MC309
2.0,4.0,4.0,3.0,4.0,2.0,4.0,4.0,MC310
4.5,3.0,4.0,3.5,3.5,3.5,3.5,2.5,MC311
1.0,4.0,2.0,3.0,4.0,1.0,3.0,5.0,MC312
5.0,3.0,2.0,4.0,4.0,4.0,2.0,2.0,MC316
4.0,3.0,2.0,4.0,3.0,4.0,2.0,2.0,MC317
3.5,3.0,4.0,2.5,3.5,2.5,3.0,3.5,MC318
5.0,2.0,1.0,2.0,3.0,5.0,1.0,1.0,MC319
5.0,5.0,3.0,4.0,2.0,2.0,1.0,1.0,MC320
5.0,2.0,2.0,4.0,2.0,5.0,2.0,2.0,MC321
3.0,1.0,4.0,1.0,4.0,2.0,4.0,4.0,MC323
4.0,4.0,2.0,4.0,2.0,4.0,1.0,3.0,MC324
5.0,3.0,1.0,5.0,1.0,4.0,1.0,2.0,MC325
1.0,3.0,4.0,2.0,2.0,1.0,4.0,3.0,MC328
2.0,1.0,5.0,1.0,4.0,3.0,5.0,3.0,MC329
3.0,1.0,3.0,3.0,3.0,2.0,4.0,2.0,MC330
4.0,1.0,1.0,3.0,4.0,4.0,2.0,1.0,MC331
3.0,2.0,3.5,3.5,4.0,2.5,3.0,3.0,MC332
2.0,1.0,4.5,1.5,3.5,3.5,4.0,2.0,MC333
2.0,3.0,4.0,3.0,3.0,3.0,4.0,3.0,MC334
4.0,1.0,1.0,3.0,3.0,5.0,1.0,1.0,MC335
3.0,2.5,3.0,3.0,2.5,4.0,2.5,2.5,MC336
4.0,2.0,2.0,3.0,4.0,4.0,2.0,1.0,MC401
4.0,3.0,2.5,3.5,2.5,4.5,2.5,2.5,MC402
3.25,3.25,2.5,3.0,2.25,3.0,3.5,2.75,MC404
5.0,3.0,2.0,4.0,3.0,5.0,1.0,3.0,MC405
5.0,4.0,3.0,4.0,1.0,3.0,1.0,1.0,MC406
3.666667,2.0,2.666667,3.333333,2.666667,4.0,2.0,2.333333,MC407
2.5,3.5,3.0,2.5,2.0,3.0,3.0,2.0,MC409
4.0,3.0,2.0,2.0,3.0,4.0,2.0,2.0,MC410
5.0,1.0,1.0,3.0,3.0,5.0,1.0,3.0,MC412
3.0,2.5,2.5,2.0,4.5,3.5,3.0,3.0,MC413
4.0,2.0,2.0,4.0,3.0,4.0,2.0,3.0,MC414
4.5,3.0,1.5,3.5,2.0,5.0,1.0,2.0,MC415
5.0,4.0,1.0,4.0,4.0,4.0,1.0,4.0,MC416
1.0,2.0,4.5,2.5,3.0,2.0,4.5,3.0,MC417
4.0,4.0,4.0,4.0,2.0,4.0,2.0,2.0,MC418
4.0,3.5,2.5,2.0,2.0,4.0,1.5,2.0,MG101
2.0,4.0,4.0,2.0,1.0,4.0,3.0,1.0,MG102
5.0,1.0,1.0,1.0,3.0,3.0,1.0,1.0,MG103
3.5,3.0,2.5,3.5,2.5,4.0,1.5,2.0,MG104
4.0,2.0,1.0,3.0,3.0,4.0,4.0,3.0,MG105
4.333333,3.0,2.333333,4.333333,3.0,5.0,1.666667,2.0,MG106
4.0,4.0,2.0,4.0,3.0,4.0,1.0,1.0,MG108
4.0,4.0,2.5,2.0,3.0,3.5,2.0,2.5,MG109
4.0,4.0,2.0,1.0,2.0,1.0,3.0,2.0,MG110
3.0,4.0,3.0,3.5,2.0,2.5,1.0,1.0,MG111
4.5,3.0,2.5,3.5,3.5,3.5,2.0,2.0,MG114
4.0,3.5,2.5,3.0,3.5,4.0,2.5,2.5,MG116
4.0,3.0,1.5,3.5,2.5,4.0,1.5,3.0,MG118
4.5,3.0,3.0,4.0,3.0,4.5,1.5,1.0,MG119
3.0,4.0,3.5,4.0,3.5,2.0,2.5,2.0,ML101
2.75,4.25,4.25,4.0,2.0,1.75,2.25,2.0,ML103
4.5,4.0,3.5,4.0,3.5,3.0,2.5,2.0,ML104
5.0,4.0,4.0,5.0,2.0,2.0,1.0,1.0,ML105
4.2,3.2,2.0,2.8,2.0,4.2,2.2,2.2,ML106
4.25,4.25,2.75,4.0,2.5,2.75,1.0,1.0,ML111
4.333333,4.0,3.333333,4.0,2.0,2.666667,1.666667,3.0,ML112
3.0,4.0,4.0,3.5,1.5,2.0,2.0,1.0,ML130
3.5,3.5,4.0,4.0,3.0,2.5,3.0,1.5,ML131
2.0,4.0,4.0,3.0,4.0,1.0,3.5,1.0,ML132
2.75,3.75,4.0,3.75,3.0,1.75,2.5,1.75,ML133
3.0,3.666667,3.0,4.333333,2.0,2.333333,2.333333,2.0,ML202
3.0,4.0,4.0,4.0,3.0,3.0,3.0,2.0,ML203
3.0,2.0,2.0,3.0,3.0,2.0,3.0,2.0,ML204
4.5,4.0,3.5,3.5,2.5,2.5,1.0,1.0,ML205
3.5,3.0,1.5,3.0,2.0,2.5,2.0,1.5,ML206
2.5,3.5,2.5,4.0,4.0,3.5,2.0,1.5,ML208
4.0,3.5,3.0,3.5,2.0,2.5,1.5,1.0,ML209
5.0,4.0,2.5,4.0,1.5,4.5,1.0,1.5,ML210
3.0,3.0,4.0,2.0,3.0,4.0,3.0,2.0,ML211
3.0,3.5,3.5,3.0,2.5,1.5,2.0,2.0,ML212
5.0,5.0,4.0,4.0,1.0,2.0,3.0,1.0,ML213
4.0,4.333333,2.666667,4.0,2.333333,3.0,1.666667,1.333333,ML214
5.0,3.5,2.0,4.0,1.5,3.5,1.0,1.0,NP101
4.0,4.0,1.0,4.0,3.0,4.0,1.0,1.0,NP102
5.0,4.0,3.0,4.0,4.0,3.0,3.0,2.0,NP106
5.0,3.0,3.0,4.0,3.0,4.0,3.0,1.0,NP107
4.0,4.0,2.0,3.0,5.0,2.0,3.0,3.0,NP108
5.0,3.0,1.0,5.0,5.0,4.0,1.0,1.0,NP109
4.0,2.5,1.5,2.5,2.5,4.0,1.0,2.5,NP110
4.0,4.0,3.0,4.5,1.5,3.5,1.0,1.0,NP111
5.0,3.0,3.0,5.0,3.0,4.0,3.0,3.0,NP112
4.0,4.0,4.0,4.0,1.0,2.0,2.0,1.0,NP113
3.0,3.0,3.0,4.0,1.0,3.0,3.0,1.0,NP114
4.5,4.0,3.5,4.0,1.5,4.0,1.5,1.0,NP116
3.0,3.0,3.0,4.0,3.0,4.0,2.0,2.0,NP117
4.0,4.0,2.0,4.5,1.5,2.5,1.5,2.0,NP118
4.5,3.5,1.5,4.0,2.0,3.5,1.5,2.0,NP119
3.0,4.0,2.0,4.0,1.0,4.0,2.0,1.0,NP120
3.5,4.5,4.0,5.0,2.0,1.0,2.5,1.5,NP123
4.0,2.0,3.0,5.0,2.0,4.0,3.0,3.0,NP125
2.0,4.0,5.0,5.0,1.0,2.0,4.0,4.0,NP126
4.5,5.0,2.5,4.5,1.5,4.5,1.5,1.5,NP127
4.0,1.0,1.0,4.0,1.0,4.0,1.0,3.0,NP128
4.666667,3.666667,3.0,4.666667,2.666667,3.666667,1.666667,1.666667,NP129
5.0,4.0,2.0,4.0,2.5,4.0,1.5,1.5,NP131
4.5,4.0,2.0,4.5,1.0,2.0,2.0,1.5,NP132
3.5,4.0,3.5,4.5,2.0,2.0,2.0,2.5,NP133
4.5,4.5,3.5,4.5,2.5,3.5,1.5,1.5,NP134
4.0,3.0,1.0,3.0,3.0,4.0,1.0,1.0,NP135
3.0,4.0,3.0,5.0,2.5,2.5,2.0,2.5,NP136
4.0,4.0,2.5,3.0,2.5,3.0,2.0,1.5,NP138
3.0,4.5,3.5,5.0,1.5,2.0,2.5,1.5,NP139
4.0,4.5,3.0,5.0,1.5,3.0,2.0,1.0,NP140
4.5,3.5,2.5,4.5,2.5,3.0,3.0,2.5,NP141
4.0,3.0,3.0,4.0,2.0,4.0,3.0,2.0,NP142
5.0,3.0,2.0,2.0,3.0,4.0,1.0,1.0,NP143
4.0,3.5,3.0,3.5,3.0,3.0,3.5,3.0,NP144
4.0,5.0,4.0,5.0,1.0,4.0,3.0,1.0,NP146
3.5,3.5,2.0,2.5,3.0,4.5,1.5,1.5,NP147
3.0,4.5,4.0,4.5,2.0,1.5,4.0,1.0,NP148
4.0,4.5,3.0,4.5,2.0,2.0,2.0,2.0,NP149
4.0,4.0,1.0,4.0,4.0,4.0,2.0,1.0,NP150
5.0,4.5,3.0,4.5,1.5,4.0,2.0,2.0,NP151
4.0,4.0,3.0,5.0,1.0,2.0,2.0,1.0,NP152
4.666667,4.333333,2.0,4.666667,1.333333,2.333333,1.333333,1.0,NP153
3.0,4.0,4.0,5.0,1.0,4.0,1.0,1.0,NP154
3.75,3.75,3.0,5.0,2.0,2.75,2.25,1.75,NP155
4.333333,2.666667,3.0,4.666667,3.0,4.333333,1.333333,2.0,NP156
2.0,5.0,4.0,4.0,3.0,2.0,4.0,2.0,NP157
5.0,4.0,1.5,5.0,1.5,4.0,1.0,1.0,NP158
4.5,3.0,2.0,4.0,2.0,4.0,2.0,1.5,NP160
4.0,5.0,3.0,5.0,1.0,4.0,3.0,1.0,NP161
3.0,4.0,2.0,5.0,1.0,5.0,2.0,1.0,NP163
4.0,5.0,4.0,4.0,2.0,2.0,2.0,3.0,PL101
2.5,2.0,3.0,2.0,3.5,2.5,3.0,3.0,PL102
4.0,1.0,1.5,3.5,3.0,4.0,2.5,3.5,PL103
5.0,4.0,4.0,5.0,2.0,4.0,1.0,2.0,PL105
4.0,4.0,2.0,4.0,2.0,2.0,3.0,1.0,PL106
3.52,3.32,3.16,3.24,2.84,3.12,2.44,2.24,PL107
3.0,3.0,2.5,2.5,3.0,3.0,2.5,3.5,PL108
4.0,3.0,4.0,3.0,2.0,4.0,4.0,2.0,PL109
4.0,4.0,3.0,2.0,2.0,3.0,2.0,2.0,PL112
3.5,3.5,3.0,3.0,2.0,3.5,2.0,1.5,PL114
2.0,3.5,3.5,2.5,3.0,1.5,3.0,2.0,PL116
4.0,4.5,2.5,4.0,3.0,2.0,4.0,2.5,PL119
4.0,3.0,2.5,4.0,3.0,3.0,2.0,3.0,PL120
5.0,4.0,2.0,4.0,2.0,5.0,2.0,2.0,PL201
4.0,4.0,3.0,4.0,1.0,2.0,1.0,2.0,PL202
2.5,3.0,4.0,3.0,3.5,1.0,3.5,3.0,PL203
4.0,4.0,4.0,4.0,2.0,2.0,4.0,4.0,PL205
5.0,4.0,1.0,4.0,1.0,5.0,1.0,1.0,PL206
3.5,3.5,3.0,4.0,4.0,3.5,2.0,2.0,PL209
4.0,2.0,2.0,3.0,3.0,4.0,2.0,2.0,PL210
4.0,3.0,1.0,2.0,3.0,4.5,1.5,1.5,PL211
4.0,1.0,1.0,1.0,1.0,5.0,1.0,1.0,PL213
3.5,2.0,3.5,2.0,3.5,2.5,2.0,3.0,PL215
3.5,3.0,3.0,3.5,3.0,3.5,2.0,1.5,PL216
4.5,4.0,2.5,4.5,3.5,4.5,2.5,2.5,PL217
3.0,2.5,1.5,3.5,3.0,4.0,2.0,2.5,PL218
4.0,4.0,1.0,4.0,2.0,5.0,2.0,1.0,PL219
4.0,4.0,3.0,4.0,2.0,4.0,1.0,1.0,PL220
2.0,4.0,3.0,4.0,2.0,3.0,3.0,3.0,PL221
4.0,4.0,3.0,5.0,2.0,2.0,3.0,2.0,PL222
4.0,2.0,3.0,3.0,3.0,5.0,4.0,3.0,PL224
4.0,1.0,1.0,3.0,3.0,4.0,1.0,3.0,PL227
5.0,3.0,1.0,2.0,4.0,4.0,1.0,2.0,PL228
2.0,3.0,4.0,2.0,3.0,2.0,4.0,4.0,PL230
4.0,2.5,1.5,3.0,3.5,3.0,1.5,1.5,PL231
4.0,2.0,1.0,2.0,4.0,4.0,2.0,3.0,PL234
5.0,2.0,1.5,3.0,2.5,5.0,1.0,2.0,RF101
5.0,3.5,1.5,2.0,2.5,4.5,1.0,2.5,RF102
3.5,3.0,2.5,4.0,3.0,3.5,2.5,2.5,RF103
4.5,2.5,2.0,4.0,2.0,4.0,1.5,1.5,RF104
4.0,2.0,2.0,4.0,3.0,4.0,4.0,2.0,RF105
2.0,4.0,4.0,3.0,2.0,3.0,3.0,1.0,RF106
5.0,4.0,2.0,4.0,2.0,3.0,2.0,2.0,RF108
4.0,3.0,2.0,3.0,3.0,4.0,2.0,3.0,RF109
5.0,1.0,1.0,1.0,1.0,5.0,1.0,1.0,RF110
4.5,3.0,1.0,2.0,3.5,4.0,2.5,3.5,RF111
4.5,4.5,1.0,2.5,1.5,4.5,1.0,1.0,RF112
2.0,4.0,3.0,2.0,4.0,1.0,2.0,3.0,RF113
4.0,4.0,1.0,4.0,3.0,2.0,3.0,3.0,RF114
1.0,3.0,4.0,5.0,3.0,1.0,5.0,1.0,RF115
1.666667,3.666667,4.0,2.666667,2.0,2.333333,4.333333,3.333333,RF116
5.0,1.5,1.0,4.0,3.5,5.0,1.0,1.0,RF117
4.0,2.0,2.0,1.0,2.0,5.0,2.0,1.0,RF118
4.0,3.0,2.0,4.0,3.5,4.0,2.0,2.5,RF120
5.0,2.5,1.0,3.5,3.5,5.0,1.0,1.0,RF121
4.0,2.5,2.0,3.0,3.5,3.5,2.5,3.0,RF122
5.0,3.0,1.0,3.0,2.0,4.5,1.0,2.0,RF124
5.0,3.0,2.5,3.5,3.5,3.5,1.0,2.0,RF125
2.5,3.5,4.0,3.0,4.5,2.5,4.5,4.5,RF126
5.0,3.0,1.0,2.5,3.0,4.0,1.0,1.0,RF127
5.0,3.0,1.0,3.0,2.5,5.0,1.0,2.5,RF128
5.0,3.0,2.0,4.0,2.5,4.0,1.0,2.0,RF129
5.0,3.0,1.0,2.0,2.5,5.0,1.0,1.5,RF130
3.0,3.0,2.0,4.0,4.0,5.0,1.0,1.0,RF131
1.0,4.0,5.0,3.0,1.0,1.0,4.0,1.0,RF132
3.0,3.0,1.0,3.0,3.0,3.0,1.0,3.0,RF133
5.0,3.0,2.0,3.0,3.0,5.0,1.0,3.0,RF134
5.0,2.0,1.0,2.0,5.0,4.0,2.0,3.0,RF136
5.0,2.5,2.0,3.5,3.5,4.5,1.0,1.0,RF137
3.666667,2.666667,2.666667,3.666667,3.666667,4.333333,2.666667,2.666667,RF139
5.0,3.666667,1.333333,4.0,2.0,5.0,1.333333,1.666667,RF140
4.5,2.5,1.5,3.0,2.0,4.0,1.5,2.0,RF141
5.0,3.0,2.0,3.0,3.0,4.0,2.0,2.0,RF143
4.0,3.0,2.5,4.5,1.5,3.5,2.0,1.5,RF201
5.0,3.0,1.0,5.0,1.0,5.0,1.0,2.0,RF203
5.0,3.0,3.0,3.0,4.0,5.0,1.5,2.0,RF204
4.0,2.5,4.0,3.0,3.5,3.0,2.5,2.0,RF205
4.5,3.0,3.0,4.5,3.0,4.5,2.5,2.0,RF206
5.0,3.5,2.0,3.5,1.5,4.0,1.0,1.0,RF207
4.5,3.5,1.5,4.5,2.5,4.0,1.5,1.5,RF208
4.333333,2.333333,3.0,4.0,2.0,4.0,2.333333,2.333333,RF209
4.5,3.0,2.0,4.0,4.0,4.5,2.0,2.5,RF210
5.0,2.0,2.0,3.0,3.0,5.0,2.0,2.0,RF211
3.0,2.5,2.5,4.0,2.5,2.5,2.5,3.0,RF212
4.0,2.333333,3.333333,3.333333,3.333333,4.666667,2.666667,3.0,RF213
4.0,4.0,4.0,4.0,4.0,4.0,2.0,4.0,RF214
4.5,1.5,1.0,3.0,4.0,4.0,2.0,2.5,RF215
4.0,4.0,2.0,4.0,3.0,4.0,2.0,4.0,RF216
4.666667,2.0,1.666667,3.0,3.333333,4.333333,1.666667,2.333333,RF217
5.0,4.0,2.0,3.0,2.0,4.0,1.0,1.0,RF218
5.0,1.0,1.0,3.0,3.0,5.0,1.0,1.0,RF219
2.0,3.0,4.0,3.0,3.0,1.0,3.0,2.0,RF220
5.0,4.0,2.0,4.0,2.0,4.0,2.0,2.0,RF221
5.0,1.0,1.0,4.0,5.0,5.0,1.0,1.0,RF222
5.0,3.5,1.0,1.0,3.0,5.0,3.0,1.0,RF223
4.0,3.0,2.0,5.0,3.0,4.0,1.0,1.0,RF225
3.666667,4.0,2.0,3.666667,2.666667,4.0,2.333333,2.333333,RF227
4.0,3.5,3.5,3.0,2.5,3.5,2.5,3.5,RP102
4.0,3.0,3.0,4.0,3.0,4.0,3.0,3.0,RP103
5.0,4.0,1.0,4.0,3.0,2.0,4.0,3.0,RP105
2.5,4.5,2.5,3.5,2.0,3.5,2.0,3.0,RP108
5.0,3.5,1.5,4.5,2.25,4.75,1.25,1.75,RP110
5.0,5.0,2.0,5.0,2.0,5.0,2.0,4.0,RP113
4.0,3.0,2.0,5.0,2.0,4.0,1.0,3.0,RP114
5.0,5.0,1.0,4.0,1.0,4.0,1.0,1.0,RP116
5.0,4.0,1.0,2.0,4.0,5.0,1.0,5.0,RP117
5.0,2.0,2.0,5.0,4.0,4.0,2.0,3.0,RP118
5.0,3.0,1.0,4.0,2.0,5.0,1.0,1.0,RP120
4.5,2.5,2.0,4.0,2.0,3.5,1.0,3.0,RP121
4.0,5.0,1.0,2.0,3.0,5.0,1.0,3.0,RP122
5.0,5.0,1.0,5.0,1.0,5.0,1.0,1.0,RP123
5.0,3.0,4.0,4.0,3.0,5.0,1.0,1.0,RP124
5.0,3.0,1.0,3.0,1.0,5.0,1.0,1.0,RP125
4.0,4.0,1.0,4.0,1.0,5.0,1.0,1.0,RP126
5.0,4.0,2.0,4.0,3.0,4.0,1.0,3.0,RP127
4.0,2.0,2.0,4.0,2.0,2.0,2.0,2.0,RP128
5.0,4.0,2.0,4.0,2.0,4.0,1.0,2.0,RP129
4.0,3.0,1.0,5.0,1.0,5.0,1.0,4.0,RP130
5.0,3.0,2.0,3.0,3.0,5.0,1.0,2.0,RP131
1.0,2.0,4.0,2.0,1.0,2.0,1.0,4.0,RP132
5.0,4.0,1.0,4.0,2.0,3.0,1.0,1.0,RP133
5.0,3.0,1.0,4.0,1.0,4.0,1.0,1.0,RP135
4.5,1.5,3.0,2.5,4.0,3.5,2.0,2.0,RP136
3.5,3.0,1.5,4.0,3.0,2.0,2.5,2.5,RP137
5.0,3.0,1.0,4.0,1.5,5.0,1.0,1.0,RP138
5.0,1.5,1.0,4.0,2.5,5.0,1.5,1.5,RP139
5.0,4.0,3.0,5.0,2.0,3.0,1.0,2.0,RP201
5.0,3.0,1.0,3.0,4.0,5.0,1.0,3.0,RP203
4.0,3.0,2.0,4.0,3.0,5.0,1.0,3.0,RP204
5.0,2.0,1.5,4.5,3.0,4.5,1.0,1.5,RP206
5.0,3.0,1.0,2.0,3.0,4.0,1.0,2.0,RP207
5.0,4.0,1.0,5.0,3.0,4.0,2.0,1.0,RP208
4.0,4.0,1.0,4.0,1.0,4.0,2.0,2.0,RP209
5.0,1.0,1.0,4.0,3.5,5.0,1.0,1.0,RP210
5.0,2.0,1.0,3.0,2.0,5.0,1.0,1.0,RP211
5.0,4.0,1.0,3.0,1.0,4.0,1.0,3.0,RP212
1.0,1.0,5.0,1.0,5.0,4.0,5.0,5.0,RP214
5.0,2.666667,1.0,1.666667,2.0,5.0,1.0,2.333333,RP215
5.0,2.0,1.0,4.0,3.0,5.0,1.0,2.0,RP217
5.0,3.0,1.5,2.0,3.0,4.5,1.0,2.0,RP218
4.0,3.0,3.0,4.0,4.0,4.0,2.0,1.0,RP219
5.0,3.0,1.0,3.0,2.0,4.0,2.0,1.0,RP220
5.0,3.0,1.0,5.0,1.0,5.0,1.0,1.0,RP221
5.0,4.0,2.0,4.0,2.0,5.0,1.0,1.0,RP223
4.0,3.0,2.0,4.0,2.0,4.0,1.0,1.0,RP224
5.0,3.5,1.5,4.0,2.0,4.5,1.5,1.5,RP226
4.0,4.0,3.0,3.0,3.0,5.0,1.0,3.0,RP227
4.5,3.0,3.0,3.5,3.0,4.5,1.0,3.0,RP228
5.0,2.0,2.0,3.5,3.5,4.5,1.5,2.5,RP229
5.0,4.0,2.0,4.5,1.5,4.5,1.0,1.0,RP230
5.0,4.5,1.0,4.5,1.5,5.0,1.0,1.0,RP232
5.0,3.0,1.0,5.0,1.0,5.0,1.0,1.0,RP233
4.0,4.0,3.0,2.0,2.0,2.0,1.0,3.0,RS101
4.0,3.0,1.0,4.0,3.0,4.0,1.0,3.0,RS102
4.0,1.0,2.0,3.0,1.0,4.0,1.0,3.0,RS103
4.0,2.0,2.0,4.0,4.0,3.0,2.0,3.0,RS104
4.0,4.0,2.0,2.0,4.0,4.0,1.0,2.0,RS105
5.0,3.5,1.0,4.0,2.5,4.0,1.5,2.0,RS106
4.5,2.5,2.0,3.5,1.5,4.0,1.0,2.0,RS107
5.0,4.0,2.0,4.0,2.0,4.0,1.0,3.0,RS108
4.5,2.0,2.5,3.0,3.5,4.0,1.5,2.5,RS110
4.0,2.0,2.0,4.0,2.0,4.0,1.0,2.0,RS111
4.0,4.0,1.0,3.0,2.0,5.0,4.0,2.0,RS112
4.0,3.0,2.0,3.0,3.0,4.0,1.0,3.0,RS113
2.0,3.0,4.0,4.0,5.0,1.0,1.0,5.0,RS114
4.0,4.0,1.0,4.0,4.0,2.0,3.0,2.0,RS115
2.0,1.0,2.0,3.0,2.0,2.0,5.0,2.0,RS116
5.0,5.0,1.0,5.0,1.0,5.0,1.0,4.0,RS117
4.0,2.0,1.0,4.0,4.0,4.0,1.0,3.0,RS118
5.0,3.0,1.5,3.5,3.0,4.0,1.0,1.0,RS119
3.25,3.0,2.25,3.25,3.0,3.5,2.5,2.75,RS120
3.0,3.0,3.0,3.0,4.0,5.0,4.0,3.0,RS121
5.0,3.0,1.0,5.0,2.0,5.0,1.0,2.0,RS122
3.0,4.0,4.0,4.0,3.0,3.0,3.0,3.0,RS123
5.0,2.0,2.0,3.0,4.0,4.0,2.0,2.0,RS124
4.0,2.0,2.0,3.0,4.0,4.0,2.0,4.0,RS125
5.0,3.0,2.5,3.0,3.0,4.5,1.0,1.0,RS126
5.0,4.5,1.0,3.5,2.0,4.5,1.0,3.5,RS127
5.0,3.0,1.0,5.0,1.0,5.0,1.0,1.0,RS201
4.5,3.5,2.0,3.0,3.0,4.5,1.5,2.5,RS202
5.0,1.5,3.0,2.5,2.0,2.0,1.0,2.0,RS203
5.0,3.0,1.0,4.0,3.0,5.0,1.0,3.0,RS205
4.0,4.0,3.0,4.0,2.0,2.0,3.0,2.0,RS206
4.666667,2.333333,2.0,4.0,2.0,4.333333,1.0,1.0,RS207
5.0,3.0,2.0,3.0,5.0,5.0,3.0,2.0,RS208
5.0,4.0,2.0,4.0,2.0,4.0,2.0,1.0,RS209
4.0,3.666667,3.0,4.333333,2.0,2.833333,1.833333,1.5,RS210
4.666667,2.666667,2.333333,3.666667,3.0,4.0,2.0,2.0,RS211
4.0,3.0,2.0,4.0,3.0,2.0,2.0,1.0,RS212
4.0,3.0,4.0,4.0,2.0,4.0,1.0,1.0,RS213
4.0,3.0,2.0,3.0,3.0,4.0,2.0,3.0,RS214
5.0,3.0,1.0,3.0,3.0,4.0,1.0,1.0,RS215
5.0,5.0,2.0,5.0,1.0,4.0,1.0,1.0,RS216
4.0,3.0,3.0,4.0,2.0,4.0,1.0,2.0,RS218
3.0,4.0,4.0,3.0,3.0,2.0,4.0,4.0,RS219
5.0,2.0,2.0,3.0,2.0,4.0,1.0,4.0,RS220
3.0,2.0,2.0,2.0,2.0,3.0,2.0,2.0,RS221
4.0,3.0,1.0,3.0,3.0,4.0,1.0,2.0,RS222
5.0,3.0,2.5,4.0,2.0,4.0,1.5,3.0,RS223
5.0,3.0,1.0,5.0,3.0,5.0,1.0,1.0,RS224
4.5,2.5,1.5,3.0,3.5,4.0,1.0,1.0,RS225
4.0,3.5,2.0,4.0,3.0,4.0,1.5,2.0,RS226
4.0,3.0,3.0,4.5,3.5,3.5,3.5,3.0,RS227
4.5,3.0,1.5,3.0,2.0,4.0,2.5,2.5,RS228
4.0,4.0,3.0,4.0,2.0,4.0,2.0,1.0,RS229
4.0,2.0,2.0,3.0,4.0,4.0,1.0,1.0,RS230
4.0,2.666667,3.0,3.333333,2.666667,4.0,2.0,3.0,RS231
4.5,1.5,1.5,3.0,4.0,4.5,1.0,1.5,RS232
5.0,4.0,2.0,4.0,2.0,2.0,1.0,2.0,RS303
4.5,2.5,3.0,2.0,4.0,3.5,4.0,3.0,RS304
3.0,3.5,3.0,3.5,3.0,3.0,2.5,3.5,RS305
5.0,3.0,1.0,5.0,2.0,5.0,1.0,1.0,RS306
5.0,5.0,1.0,3.5,1.5,3.0,1.0,1.0,RS308
4.0,3.0,3.0,3.0,2.0,4.0,3.0,2.0,RS309
3.5,4.0,2.5,3.0,2.0,4.0,2.0,2.0,RS310
5.0,4.0,4.0,5.0,1.0,4.0,1.0,1.0,RS311
5.0,5.0,1.0,3.0,1.0,4.5,1.0,2.0,RS312
4.666667,3.666667,2.0,4.333333,1.666667,4.333333,1.666667,1.333333,RS313
5.0,3.0,4.0,5.0,2.0,5.0,3.0,3.0,RS314
5.0,4.0,3.0,4.0,2.0,4.0,2.0,2.0,RS315
4.5,3.0,2.5,4.0,2.0,4.5,1.0,2.5,RS317
4.75,2.5,2.5,4.0,3.0,3.25,1.25,2.0,RS318
5.0,2.0,1.0,5.0,2.0,5.0,1.0,3.0,RS319
5.0,3.0,3.0,4.0,3.0,4.0,2.0,1.0,RS320
4.0,3.5,2.5,4.5,2.0,2.5,2.5,3.0,RS321
5.0,3.0,2.0,3.0,2.0,4.0,2.0,2.0,RS322
4.0,2.666667,1.666667,3.666667,3.666667,4.0,2.333333,3.0,RS323
3.875,3.125,3.0,3.5,2.625,2.875,2.25,2.5,RS324
4.666667,2.833333,2.333333,3.833333,2.333333,4.0,1.666667,2.0,RS325
4.0,3.5,2.5,3.0,2.5,3.5,1.5,3.0,RS326
5.0,3.5,1.5,4.5,2.0,3.0,1.5,2.5,RS327
3.666667,3.0,2.666667,3.666667,2.0,2.333333,2.333333,2.333333,RS328
5.0,3.0,1.5,4.0,3.0,5.0,1.0,1.5,RS329
4.0,4.0,3.0,3.0,3.0,2.0,2.0,3.0,RS330
4.333333,3.0,1.666667,3.666667,2.0,3.666667,2.333333,2.0,RS331
3.5,3.0,2.5,3.0,2.0,3.0,2.5,2.0,SC101
3.666667,2.666667,3.0,3.0,2.0,2.666667,2.333333,2.0,SC102
2.5,4.0,3.5,3.5,1.5,2.0,3.5,3.0,SC103
4.5,3.5,3.0,3.0,1.5,3.5,3.0,2.5,SC104
4.0,4.0,1.0,4.0,1.0,4.0,1.0,2.0,SC105
4.0,4.0,4.0,4.0,2.0,4.0,2.0,2.0,SC106
3.333333,3.333333,2.666667,3.333333,2.333333,2.333333,2.666667,2.666667,SC107
5.0,4.0,4.0,4.0,4.0,4.0,4.0,4.0,SC108
4.0,4.0,3.0,4.5,2.5,2.0,1.5,1.0,SC109
5.0,4.0,2.5,4.0,4.0,4.0,2.5,2.5,SC110
3.5,2.0,3.5,2.5,3.5,3.0,2.5,2.5,SC111
4.0,3.0,3.0,5.0,2.0,4.0,1.0,2.0,SC112
4.0,4.0,2.0,4.0,2.0,3.0,2.0,1.0,SC113
4.0,1.0,1.0,4.0,2.0,4.0,1.0,2.0,SC114
4.0,4.0,2.0,4.0,2.0,4.0,1.0,2.0,SC115
4.0,5.0,4.0,4.5,1.0,1.5,2.5,2.5,SC116
4.0,4.0,1.0,4.0,3.0,3.0,2.0,2.0,SC117
5.0,3.0,1.0,4.0,3.0,4.0,1.0,1.0,SC118
4.0,3.0,3.0,4.0,3.0,4.0,1.0,2.0,SC119
5.0,3.0,5.0,4.0,4.0,3.0,1.0,2.0,SC120
4.5,3.5,2.0,3.0,2.0,3.5,1.5,1.5,SC121
4.0,5.0,2.0,4.0,2.0,2.0,1.0,1.0,SC122
2.5,3.0,3.0,2.5,3.0,3.0,3.0,3.5,SC123
4.0,4.0,2.0,4.0,2.0,4.0,2.0,2.0,SC124
4.0,3.0,2.0,2.0,3.0,4.0,1.0,2.0,SC125
4.0,4.0,3.0,4.0,1.0,4.0,2.0,1.0,SC126
4.0,4.0,2.0,3.0,4.0,2.0,4.0,3.0,SC127
5.0,3.0,1.0,4.0,3.0,5.0,1.0,3.0,SC128
4.0,2.0,1.0,3.0,3.0,4.0,1.0,4.0,SC129
2.0,3.0,4.0,4.0,3.0,1.0,4.0,2.0,SC130
3.0,2.0,2.0,2.0,4.0,3.0,2.0,2.0,SC131
4.0,4.0,4.0,4.0,2.0,3.0,1.0,2.0,SC134
5.0,4.0,2.0,4.0,2.0,4.0,2.0,3.0,SC135
3.0,1.0,1.0,1.0,1.0,3.0,3.0,1.0,SC136
4.0,4.0,1.5,4.0,4.0,3.5,2.5,1.5,SC137
4.0,3.0,1.5,3.0,2.5,4.5,1.0,2.0,SC138
4.0,3.0,4.0,3.0,2.0,2.0,3.0,2.0,SC139
3.0,2.0,3.0,2.5,3.0,3.5,2.5,2.5,SC140
3.0,3.0,2.0,4.0,3.0,3.0,2.0,2.0,SC141
5.0,2.5,3.5,4.5,2.5,4.5,1.5,1.5,SC142
4.0,3.0,4.0,4.0,2.0,4.0,1.0,1.0,SC143
4.5,3.5,2.0,4.5,1.5,5.0,2.0,2.5,SC144
3.5,3.5,3.5,3.0,2.0,3.0,3.0,3.0,SM301
2.0,5.0,2.0,3.0,1.0,1.0,4.0,2.0,SM302
3.0,4.333333,4.333333,3.333333,2.333333,1.666667,2.666667,2.0,SM303
2.5,5.0,4.5,4.0,1.0,1.0,1.0,1.0,SM304
3.0,5.0,4.5,4.5,1.0,2.5,4.0,3.0,SM305
3.0,4.5,4.5,4.5,2.0,1.5,2.5,2.0,SM306
3.0,4.0,2.0,3.0,2.0,1.0,1.0,1.0,SM307
3.0,4.0,3.333333,3.0,1.333333,1.333333,2.333333,1.0,SM308
2.0,4.5,4.0,3.5,1.5,1.5,2.5,1.0,SM309
3.5,3.0,5.0,3.5,3.5,2.0,4.5,2.5,SM310
4.0,3.0,2.0,4.0,4.0,4.0,2.0,2.0,SM311
3.0,4.0,2.0,4.0,3.0,4.0,1.0,1.0,SM312
3.0,2.5,4.0,3.5,2.0,1.5,3.0,1.5,SM313
4.0,4.6,3.0,3.4,2.2,2.6,2.4,1.4,SM314
2.5,2.0,4.0,3.5,3.5,2.5,2.5,4.0,SR101
4.5,4.0,2.5,4.0,3.0,4.5,1.0,2.5,SR103
5.0,1.0,4.0,4.0,1.0,4.0,1.0,5.0,SR104
4.0,4.0,2.0,3.0,2.0,3.0,2.0,3.0,SR105
4.0,3.5,3.0,4.0,2.5,3.0,3.0,3.0,SR106
2.0,3.0,2.0,3.0,3.0,1.0,3.0,2.0,SR107
4.0,3.0,2.0,3.0,4.0,4.5,2.0,1.0,SR108
3.0,4.0,4.0,2.0,3.0,2.0,3.0,3.0,SR110
4.0,3.0,1.0,4.0,5.0,4.0,1.0,1.0,SR111
2.0,4.0,5.0,4.0,3.0,1.0,3.0,2.0,SR112
4.0,4.0,1.0,4.0,2.0,2.0,2.0,3.0,SR114
4.0,4.0,2.333333,4.0,2.0,3.333333,1.333333,2.0,SR115
4.5,3.5,1.0,1.0,1.5,4.0,1.0,1.5,SR116
3.0,3.5,3.5,4.5,2.0,2.5,2.5,2.5,SR117
4.0,3.0,2.0,3.0,3.0,4.0,2.0,2.0,SR118
3.5,3.5,3.5,3.5,2.5,2.0,3.0,3.0,SR119
4.0,2.0,3.0,3.0,4.0,4.0,2.0,4.0,SR121
3.0,2.0,3.0,2.5,3.0,3.0,3.5,3.5,SR123
3.0,4.0,4.5,4.5,1.5,1.0,3.0,1.0,SR124
4.5,2.5,3.0,4.0,2.0,3.0,2.0,2.0,SR125
3.0,3.0,3.0,2.0,3.0,4.0,3.0,3.0,SR126
3.0,4.0,2.0,2.0,1.0,4.0,4.0,5.0,SR128
4.0,3.0,1.666667,3.666667,2.666667,2.666667,1.333333,2.333333,SR129
4.0,4.0,5.0,5.0,2.0,2.0,3.0,3.0,SR130
1.5,4.5,4.5,4.0,2.0,2.0,4.0,3.0,SR131
4.0,4.0,3.0,3.5,2.0,2.0,2.5,2.5,SR133
2.5,2.0,3.0,3.0,1.0,3.0,2.5,3.0,SR134
4.5,3.5,3.5,2.5,4.0,2.5,3.0,3.5,SR137
4.0,3.0,3.0,4.0,3.0,4.0,2.0,3.0,SR139
2.0,2.5,3.0,2.0,3.0,3.5,4.0,4.0,SR140
4.0,4.0,3.0,4.0,2.0,2.0,2.0,3.0,SR144
4.5,3.5,3.0,3.5,2.0,3.0,1.5,3.0,SR145
3.0,3.0,4.0,4.0,4.0,2.0,1.0,3.0,SR146
3.0,3.5,2.0,2.5,3.0,3.0,2.5,2.0,SR147
4.5,4.5,2.5,4.5,1.5,3.0,1.0,2.0,TM101
4.0,3.0,1.0,3.0,2.0,4.0,2.0,2.0,TM102
4.0,4.0,4.0,2.0,4.0,4.0,2.0,3.0,TM103
4.5,4.5,3.0,4.5,2.0,2.5,2.5,2.0,TM104
4.0,3.0,2.0,3.0,3.0,3.0,4.0,3.0,TM106
4.25,4.25,3.5,4.25,1.25,2.75,1.75,1.25,TM107
4.0,3.0,2.0,4.0,3.0,4.0,2.0,2.0,TM108
4.333333,4.0,2.666667,3.333333,1.666667,3.0,2.333333,1.666667,TM109
5.0,3.0,4.0,2.5,2.0,3.5,1.5,2.0,TM110
4.0,4.0,2.0,4.0,4.0,4.0,2.0,2.0,TM111
4.0,3.0,1.0,5.0,3.0,2.0,3.0,2.0,TM112
4.5,2.5,3.5,4.0,4.0,4.0,1.5,2.5,TM113
5.0,5.0,3.0,5.0,1.0,2.0,1.0,1.0,TM115
4.5,4.0,4.0,4.5,1.5,1.5,2.0,1.0,TM116
5.0,4.0,2.0,5.0,2.0,4.0,1.0,1.0,TM117
4.5,2.5,3.5,4.5,2.0,3.5,1.5,3.0,TM118
4.0,4.0,2.0,4.0,3.0,3.0,2.0,4.0,TM119
3.5,4.0,3.0,4.0,3.0,2.5,1.5,2.0,TM120
3.0,4.0,4.0,3.0,3.0,2.0,4.0,2.0,TM121
5.0,4.0,2.0,5.0,2.0,3.0,1.0,1.0,TM122
4.5,3.5,2.0,4.0,3.0,3.0,1.0,1.5,TM123
5.0,3.0,4.0,4.0,4.0,4.0,2.0,3.0,TM124
3.0,4.0,4.0,4.0,2.0,2.0,4.0,1.0,TM126
3.333333,3.333333,2.0,3.333333,2.333333,2.0,3.0,2.0,TM127
4.0,3.0,2.5,3.0,3.0,4.0,2.0,2.5,TM128
5.0,4.0,4.0,4.0,4.0,4.0,4.0,4.0,TM129
4.0,3.0,1.0,2.5,3.0,4.0,1.0,2.5,TM130
4.0,4.0,3.0,3.0,3.0,3.0,2.0,3.0,TM133
5.0,3.0,1.0,4.0,2.0,3.0,2.0,1.0,TM201
4.0,3.0,3.0,3.0,2.0,2.0,2.0,1.0,TM202
5.0,4.0,2.0,4.0,1.0,1.0,1.0,1.0,TM203
5.0,3.0,1.0,5.0,1.0,5.0,1.0,3.0,TM204
4.5,4.0,4.5,5.0,1.5,2.0,2.5,2.0,TM205
2.666667,3.0,3.0,3.0,2.0,2.0,3.333333,3.333333,TM206
2.0,4.0,4.0,4.0,1.0,1.0,4.0,1.0,TM207
3.0,5.0,4.0,4.0,1.0,2.0,3.0,1.0,TM208
4.5,4.0,3.5,5.0,1.5,3.5,1.0,1.5,TM209
5.0,4.0,4.0,5.0,1.0,3.0,1.0,1.0,TM211
3.0,3.0,4.0,4.0,3.0,1.0,4.0,1.0,TM212
3.0,4.0,4.0,3.0,1.0,1.0,4.0,2.0,TM213
5.0,3.0,2.0,5.0,2.0,5.0,1.0,1.0,TM214
3.5,4.5,4.5,4.5,1.0,1.5,2.5,2.0,TM215
4.5,4.0,4.0,4.5,2.5,2.5,1.5,2.5,TM216
4.0,2.5,2.0,2.0,2.0,3.5,1.5,1.5,TM217
3.0,5.0,4.0,5.0,1.0,3.0,3.0,1.0,TM218
5.0,5.0,1.0,4.0,1.0,3.0,1.0,1.0,TM219
4.0,3.0,3.0,2.0,4.0,5.0,2.0,3.0,TM220
4.0,4.0,3.5,3.5,1.5,1.0,3.0,2.0,TM221
4.0,4.0,2.0,3.0,2.0,3.0,2.0,2.0,TM222
3.0,3.0,3.0,3.0,2.0,3.0,2.5,2.5,TM223
4.0,3.0,2.0,5.0,2.0,4.0,2.0,4.0,TM226
2.5,2.5,2.5,3.5,3.0,1.0,2.5,2.5,TM229
4.0,4.0,2.0,4.0,4.0,3.0,1.0,1.0,TM230
4.0,3.0,4.0,3.0,3.0,4.0,2.0,1.0,TM231
4.5,2.5,1.5,3.5,2.5,4.0,1.5,1.5,TM232
4.0,3.5,1.5,2.0,2.5,4.0,1.0,3.0,TM301
4.0,3.0,3.0,3.0,3.0,3.0,3.0,3.0,TM303
4.0,3.5,1.5,3.0,3.0,4.0,1.5,3.0,TM304
4.0,3.0,2.0,4.0,3.0,3.0,1.5,1.5,TM306
4.5,4.0,3.0,4.0,1.5,3.5,1.5,1.5,TM307
4.0,4.0,4.0,4.0,2.0,2.0,1.0,2.0,TM308
5.0,3.0,2.0,2.0,1.0,1.0,1.0,1.0,TM309
4.0,3.666667,2.0,3.666667,2.0,3.0,1.333333,1.0,TM310
4.0,3.5,2.0,3.5,2.5,4.0,3.5,4.0,TM311
4.0,4.0,3.0,4.0,2.0,2.0,2.0,2.0,TM312
3.0,3.0,1.0,4.0,3.0,1.0,2.0,1.0,TM316
2.0,3.0,3.0,2.0,2.0,3.0,2.0,1.0,TM318
5.0,3.0,2.0,3.5,4.0,4.0,2.0,2.5,TM319
3.0,4.0,4.0,4.0,2.0,2.0,3.0,1.0,TM320
4.5,4.0,2.0,3.0,2.5,4.5,2.5,2.0,TM321
4.0,3.5,4.0,4.5,1.0,3.0,2.5,1.0,TM325
4.0,4.0,3.0,4.0,2.0,2.0,4.0,2.0,TM326
4.0,4.0,4.0,2.0,3.0,4.0,1.0,2.0,TM327
4.0,5.0,2.0,4.0,3.0,3.0,2.0,3.0,TM328
4.0,2.0,2.0,4.0,3.0,2.0,2.0,2.0,TM329
4.0,2.0,1.0,3.0,2.0,4.0,1.0,3.0,TM330
5.0,5.0,2.0,5.0,1.0,5.0,1.0,1.0,TM331
4.5,4.0,3.0,4.5,1.5,3.0,2.0,2.5,TM332
4.0,4.0,3.0,2.0,2.0,4.0,1.0,3.0,TM333
4.0,2.5,3.5,3.5,2.5,4.0,3.0,2.0,TM334
4.666667,3.0,1.666667,3.0,2.0,4.333333,2.333333,3.0,TM335
4.333333,3.333333,3.333333,3.333333,3.0,3.333333,2.0,3.333333,TM336
3.5,2.5,3.5,4.0,2.5,4.0,2.0,1.5,TS203
4.0,2.0,1.0,2.0,3.0,4.0,2.0,4.0,TS205
2.0,4.0,4.0,2.0,2.0,2.0,3.0,1.0,TS206
4.0,2.0,2.5,3.5,3.5,4.0,1.5,3.0,TS207
3.0,2.0,4.0,4.0,3.0,2.0,4.0,2.0,TS210
4.0,4.0,4.0,4.0,4.0,4.0,4.0,3.0,TS212
4.0,5.0,2.0,5.0,1.0,2.0,3.0,1.0,TS213
2.0,3.0,4.0,4.0,3.0,2.0,3.0,4.0,TS214
4.0,2.5,3.0,3.0,3.0,3.0,2.0,2.0,TS216
2.5,2.5,4.0,3.0,3.0,2.0,4.0,3.0,TS217
1.0,5.0,5.0,3.0,1.0,1.0,4.0,1.0,TS218
3.0,4.0,4.0,4.0,2.0,1.0,3.0,4.0,TS220
3.0,2.0,3.0,3.0,4.0,2.0,2.5,3.0,TS221
4.0,3.0,4.0,3.0,3.0,4.0,3.0,3.0,TS223
4.0,2.0,2.0,4.0,3.0,2.0,2.0,4.0,TS224
2.0,5.0,4.0,5.0,1.0,1.0,3.0,2.0,TS225
5.0,5.0,3.0,5.0,1.0,4.0,1.0,1.0,TS226
3.0,4.0,4.0,3.0,2.0,2.0,3.0,3.0,TS229
4.0,1.0,2.0,3.0,4.0,3.0,1.0,4.0,TS230
4.0,4.0,3.0,5.0,4.0,3.0,3.0,1.0,TS231
2.0,5.0,2.0,4.0,1.0,4.0,1.0,1.0,TS232
1.5,3.5,4.5,2.0,3.0,2.0,3.5,4.0,TS233
2.0,2.0,3.0,1.0,1.0,2.0,2.0,1.0,TS234
3.0,4.0,4.0,4.0,2.0,2.0,4.0,3.0,TS235
4.0,4.0,4.0,4.0,1.0,2.0,2.0,1.0,TS236
3.0,2.0,2.0,4.0,4.0,3.0,3.0,2.0,TS237
3.0,4.0,3.0,3.0,2.0,3.0,3.0,2.5,TS302
3.0,2.0,2.0,4.0,3.0,4.0,1.0,4.0,TS303
4.0,3.0,3.0,2.0,3.0,3.0,3.0,2.0,TS304
3.5,4.0,3.5,4.0,1.5,3.0,1.5,2.5,TS305
4.0,4.0,1.0,4.0,2.0,4.0,1.0,1.0,TS306
4.0,2.0,3.0,2.0,4.0,4.0,1.0,2.0,TS309
3.5,3.0,3.0,1.5,2.5,2.0,3.5,3.0,TS310
3.5,2.5,4.0,4.0,3.5,3.5,3.0,3.0,TS311
3.0,3.0,3.0,2.0,4.0,2.0,3.0,3.0,TS312
1.0,4.0,4.0,4.0,2.0,1.0,4.0,2.0,TS313
3.5,3.5,3.0,4.5,2.5,1.5,2.5,2.0,TS314
2.5,3.5,3.5,5.0,3.5,1.5,4.0,4.0,TS315
3.0,3.0,4.0,3.0,4.0,3.0,4.0,4.0,TS316
3.75,3.25,3.25,3.25,2.5,3.5,2.5,3.5,TS317
3.666667,2.666667,3.666667,3.333333,2.333333,2.666667,2.666667,1.333333,TS318
2.5,3.5,3.5,2.0,2.5,2.0,4.0,2.0,TS319
4.0,4.0,3.0,4.0,2.0,3.0,4.0,4.0,TS320
3.0,4.0,4.0,4.5,2.0,2.5,2.0,1.0,TS321
4.0,3.0,3.0,4.0,2.0,3.0,2.0,3.0,TS322
4.5,3.5,2.0,4.0,1.5,3.0,1.5,1.0,TS323
4.0,4.0,2.0,4.0,3.0,3.0,1.0,1.0,TS401
3.5,4.0,3.0,4.0,2.0,3.0,3.0,2.0,TS407
3.5,4.0,3.5,4.0,1.5,3.0,3.0,1.5,TS408
2.5,3.0,2.5,3.0,3.5,3.0,3.0,4.0,TS411
4.0,2.0,2.0,4.0,4.0,2.0,3.0,3.0,TS412
2.333333,2.666667,4.333333,3.666667,3.666667,2.0,3.666667,2.333333,TS413
3.0,3.0,4.0,3.0,4.0,2.0,4.0,3.0,TS414
3.25,2.25,4.0,3.0,3.5,2.5,3.25,3.0,TS415
3.0,4.0,2.0,2.0,4.0,3.0,2.0,2.0,TS417
4.0,4.0,3.333333,4.0,2.0,2.666667,2.333333,1.666667,TS418
3.666667,4.333333,2.333333,3.333333,1.666667,2.333333,2.0,2.0,TS419
3.0,3.0,4.0,4.0,3.0,2.0,3.0,3.0,TS420
3.0,3.0,5.0,4.0,1.0,1.0,3.0,3.0,TS421
3.0,3.0,4.0,3.0,3.0,3.0,4.0,3.0,TS422
3.333333,3.333333,3.666667,4.0,2.333333,2.333333,3.333333,2.0,TS423
4.0,4.0,5.0,5.0,1.0,4.0,3.0,1.0,TS424
2.0,3.0,3.0,4.0,3.0,2.0,3.0,4.0,TS425
3.6,3.2,2.8,3.0,3.0,3.4,2.8,2.8,TS426
