GroupID,pleasant,eventful,chaotic,vibrant,uneventful,calm,annoying,monotonous
2CV11,3.3472893,3.5584044,2.8622515,3.4218895,2.209232,2.9071116,2.6431196,2.3935301
2CV12,2.7897928,3.6472564,3.4814582,3.1756203,1.9424969,2.2437775,3.1804903,2.5642736
2CV13,3.1367943,3.7793393,2.8573956,3.327197,1.9793353,2.8799334,2.6997275,2.417727
2CV14,3.2122414,3.3498662,3.2178926,3.1902313,2.310724,2.7323651,3.045906,2.8195581
2CV15,2.3057954,3.7650034,3.7799003,2.9736116,1.8109053,1.7389889,3.7538054,2.5090568
2CV22,3.4297686,3.8905623,2.5695336,3.6533349,2.0338778,3.0223286,2.474481,2.2079482
2CV23,2.9718413,3.453781,3.3046198,3.2375383,2.0846002,2.475845,3.046638,2.4093666
2CV25,2.8632877,3.5942454,3.3569875,3.216206,1.93828,2.4520955,3.0834718,2.6398609
2CV31,3.391246,3.666519,2.7128756,3.5943577,2.072171,3.0806556,2.3961544,2.5585337
2CV32,2.6248157,3.7594755,3.6399522,3.3502262,1.7199608,2.2057188,3.3083866,2.3761945
2CV33,2.8841226,3.3199914,3.4208384,3.293714,2.0354226,2.3949575,2.9249382,2.4577506
2CV34,2.438099,3.5865228,3.4203029,3.074727,1.8395435,1.939539,3.5184052,2.4556975
2CV41,3.0768723,3.3287835,2.984711,3.4774277,2.0301535,2.7267132,2.435211,2.2591493
2CV51,2.7899857,3.1047916,2.9752302,2.6494079,2.6443472,2.4908128,3.3295012,3.0148041
2CV61,2.3873656,3.6118975,3.7481372,3.1182756,1.7489771,1.7526696,3.5409844,2.5747461
2CV62,2.6297789,3.4283535,3.4094198,2.9172075,2.1016467,2.1431072,3.7829628,2.5894897
AM02,2.2475624,3.8366454,3.5409956,3.3475325,1.5860696,1.763248,3.4393096,2.355249
AM06,2.686944,3.8335721,3.297168,3.3780982,1.7982548,2.2209594,3.2600076,2.3981035
AM07,2.6810653,3.4253197,3.3156857,3.1410909,2.2478852,2.4086657,3.293523,2.6087744
CP00,2.2410557,3.3934643,3.745848,2.9375577,2.0751705,1.8664355,3.7796626,2.6178539
CP0,2.5514271,3.8402097,3.1056092,3.35799,1.883812,2.1687918,3.1815736,2.598837
CP11,3.4023347,3.5197058,2.5021296,3.3571072,2.4003515,3.1053658,2.6351025,2.7651942
CP12,2.655706,3.4950783,2.9455383,2.9401848,2.1925545,2.447608,3.0246618,2.7535572
CP13,2.6406033,3.507261,3.4398324,2.795813,2.362306,2.3050675,3.7784228,2.9001603
CP14,2.190168,3.5730119,3.5255504,2.8147688,2.1832082,1.8362921,3.9183686,2.8347156
CP16,2.4423723,3.1648653,2.8838196,2.6889887,2.475043,2.4643402,3.5175645,2.97148
CP17,2.0670793,3.692921,3.4808114,2.918563,1.9217683,1.7977105,3.8985062,2.6822643
CP18,2.323697,3.6049423,3.4388232,2.9541075,2.038495,2.049371,3.7541974,2.6944425
CP19,2.7161891,3.7616475,3.151742,3.2101414,2.0694616,2.4616578,3.3408325,2.566253
CP1,2.5373602,3.3489957,2.9710793,2.855413,2.5288324,2.3206491,3.4583151,3.0316298
CP20,2.5072336,3.3330276,3.0897388,2.8936238,2.420202,2.3701205,3.3573544,2.7897964
CP21,3.2726452,3.821327,2.7018576,3.4704244,2.0516608,2.8058808,2.8462358,2.44402
CP3,2.513529,3.0406826,3.1103377,2.112608,2.9159367,2.4399548,3.830801,3.4873867
CP4,2.7134345,3.036081,2.80059,2.7375262,2.802867,2.6304817,3.298984,3.3500044
CP5,2.0271387,3.0077393,3.5895314,2.1865904,2.9848256,1.950624,4.1578956,3.5667837
CP6,3.0127826,3.6401458,2.9871845,3.2105598,2.4198003,2.612353,3.0264268,2.8571782
CP7,2.438592,3.0853791,3.3344646,2.6686428,2.7726676,2.3827567,3.8130333,3.2168682
CP8,2.6272705,3.0784779,3.317587,2.585085,2.6503916,2.3653154,3.7499154,3.0126421
CP9,2.8657837,3.1946764,2.9756832,2.6888723,2.8025124,2.7790837,3.247153,3.2285314
CT101,2.6234806,3.4038165,3.2341278,2.9540136,2.3893774,2.5306664,3.2985845,2.914289
CT102,2.2581463,3.2967174,3.0084372,2.8290482,2.3926678,2.1882467,3.5569024,2.7651677
CT103,2.4976282,3.4980793,2.9563468,3.0687838,2.3018527,2.29007,3.046463,2.6672084
CT104,2.3770487,2.9659626,3.0812273,2.6204596,2.905154,2.5136714,3.5324626,3.0903645
CT107,1.9344649,3.3868341,3.3907712,2.7825975,2.4204314,1.877973,3.9323235,2.8401694
CT108,2.740815,3.5747616,2.9423728,3.117579,2.269067,2.4157734,3.25996,2.6344457
CT109,2.2770102,3.502587,3.3947153,3.0171008,2.2788222,2.0329597,3.6953614,2.8281837
CT110,2.6210797,3.2756965,2.8597078,2.922317,2.5063014,2.4723132,3.2276328,2.7629926
CT112,2.1531382,3.3264735,3.4123409,2.8337622,2.4830859,1.9722667,3.7406948,3.0879095
CT113,2.4201016,2.799595,3.048473,2.4477718,3.2342024,2.624777,3.560441,3.6465442
CT114,2.1700215,2.9705613,3.1788979,2.5191,2.9059474,2.1587179,3.8226616,3.1286063
CT116,2.0755942,2.9821715,3.4205484,2.417835,2.8950367,2.0949674,3.9204316,3.2228422
CT117,2.7129452,3.1847608,2.9016273,2.8369095,2.7072775,2.7460923,3.1440873,2.8271744
CT119,2.0828269,2.838911,3.4653459,2.442066,3.0386753,2.1372118,4.0553203,3.5120714
CT120,1.8565576,3.3287063,3.5057743,2.6312432,2.4360785,1.616122,4.1655717,2.9417348
CT121,2.7240725,2.9653597,2.8222864,2.6195421,2.9743726,2.7962456,3.1886196,3.2824755
CT122,2.3527193,3.6346254,3.1455953,3.106206,2.1880503,2.1550524,3.3933005,2.6058347
CT123,2.1278648,3.4999554,3.8511171,2.8804805,2.312108,1.7993208,4.06443,2.8882155
CT124,2.326918,2.9339154,3.2073746,2.7304842,2.9475188,2.364098,3.5949025,3.2746127
CT201,2.310896,3.151313,3.2211165,2.798652,2.568694,2.2125154,3.5437188,2.9498706
CT202,2.6976693,2.7575796,2.4904761,2.5347438,3.0581968,2.886853,3.0280256,3.3471713
CT203,2.2644405,3.0905056,3.032579,2.6653705,2.6157653,2.2594264,3.528757,3.063615
CT301,2.8382196,3.5000541,2.8396606,3.1776867,2.4774032,2.6611042,3.1118643,2.7812326
CT305,2.963663,2.2339554,2.726942,2.6241589,3.942571,2.9672265,3.5267987,3.9462886
CT306,2.3348064,3.2155886,2.9787707,2.704113,2.589191,2.359442,3.4449284,3.0433192
CT308,2.0645022,3.7490013,3.793598,2.8950205,1.8364077,1.4015757,4.1341915,2.473123
CT309,2.4798584,2.8185198,2.7272303,2.5883327,2.9027793,2.5609348,3.0811055,3.2778773
CT310,2.407626,3.0231025,3.1464114,2.6670618,2.7328637,2.3623753,3.4654744,3.2636025
CT311,2.354661,3.149694,3.0780108,2.828752,2.7227123,2.346945,3.5051782,3.0827718
CT312,2.2321172,3.017142,3.2307227,2.455544,2.8794227,2.314537,3.918277,3.4209266
CT313,2.558214,3.2595613,2.917936,2.9074664,2.563113,2.325364,3.4198275,3.0705652
CT314,2.8627813,3.3156185,2.7860425,2.8231218,2.5011227,2.8665142,2.817703,2.7576509
CT315,2.787489,3.4254625,2.6995509,3.0028484,2.5120564,2.6814544,3.0005808,2.7074728
CT317,2.2409618,2.7202659,3.0565398,2.3755414,3.1673605,2.405425,3.6881576,3.487906
CT318,3.4429624,3.0633829,2.4629018,3.0942512,2.878421,3.3879542,2.4556649,2.8522105
CT319,2.3548076,3.4295864,3.6508284,2.822761,2.4846716,1.9156717,3.7718186,2.9537616
CT320,1.8616568,3.0817716,3.7898104,2.5887995,3.1278696,1.9013547,4.602165,3.6571634
CT321,2.9626827,3.3382607,2.6938264,2.9710715,2.5227,2.7864904,2.81087,2.748896
CT322,2.9021106,3.1492877,2.649554,2.9580796,2.4703372,2.8041747,2.677287,2.6756659
CT323,2.5690193,2.723292,2.7212665,2.4900799,3.093237,2.7422378,3.3144057,3.4377506
CT324,2.3793285,3.4506848,3.461056,2.8338628,2.2916672,2.1502671,3.560637,2.7317412
CT325,2.4394336,3.5294087,3.2914476,3.0193362,2.3986285,2.2583182,3.4012694,2.6429665
CT326,1.8121629,3.3567247,3.6283863,2.5559323,2.4070935,1.8618486,4.0757794,2.9025698
CT327,2.662946,3.4833274,3.071316,2.9076896,2.3964355,2.4426532,3.4168882,2.7505136
CT328,2.7849078,3.4333925,3.144915,3.0857337,2.39628,2.5329654,3.2011473,2.8232307
CT329,2.8630183,3.3554199,2.406632,3.011575,2.4823651,2.889252,2.7565744,2.8606265
CT401,1.5728806,3.30163,4.2451997,2.5271282,2.2215824,1.4376804,4.499411,3.0425649
CT402,1.9287338,3.425031,3.7399178,2.6343296,2.0059958,1.7014543,4.4294577,2.825365
CT403,1.8679764,3.7261305,3.9434762,2.9633427,1.7333201,1.5060686,4.262522,2.568219
CT404,1.8834548,3.4039598,3.8224933,2.7478206,2.1046855,1.5639242,4.2354345,2.7731662
CT405,1.587126,3.476252,4.363308,2.9287395,1.9218624,1.5957415,4.2967644,2.7471473
CT406,2.3157582,3.4809632,3.1884322,2.702977,2.3761177,2.1822364,3.6774487,2.8394716
CT407,2.8536222,3.8136463,2.968058,3.3242328,1.9482219,2.435884,3.266212,2.468676
CT408,1.9062636,2.8835652,3.636357,2.2024665,2.8892174,1.7439419,4.25613,3.5263433
CT412,1.5630482,3.151888,3.9321635,2.2943573,2.6207063,1.4783438,4.654387,3.3623655
CT413,1.4974693,3.2599766,4.0133905,2.4137652,2.1964972,1.3596274,4.482717,3.033655
CT414,2.0108404,3.5005443,3.8192763,2.9306602,1.8130113,1.6745901,4.329372,2.70576
CT415,1.8486422,2.617554,3.751542,2.3393543,3.0608678,1.6016607,4.57433,3.5234683
CV12,2.7532232,3.7275684,3.4663637,3.3042834,1.72901,2.1766474,3.1230402,2.3910553
CV14,3.1610792,3.3455832,2.8575177,3.2987976,2.240901,2.8031588,2.636073,2.437852
CV15,2.2631786,3.2505927,4.046535,2.712944,2.6795456,2.109722,4.239078,3.1296701
CV16,3.5699465,3.1880717,2.7732472,3.08474,2.5286343,3.285393,2.5877106,2.7162654
CV210,2.9896436,3.482241,3.348875,3.228815,2.161157,2.6618688,2.9239206,2.6102393
CV212,3.8991148,2.613115,2.122707,3.0155663,2.9540052,3.894917,1.9236597,2.706039
CV214,2.526736,2.7197845,3.1106384,2.1760948,3.0119247,2.303724,3.6681721,3.3626156
CV22,3.1543133,3.2771857,3.1077611,3.4122171,2.0642388,2.6527376,2.6485863,2.3242397
CV23,2.5095947,3.5010579,3.3685656,3.1581929,1.9067005,2.0556705,3.167318,2.4654121
CV27,2.60451,3.4574382,3.3491735,2.8018076,2.261196,2.2464068,3.4904463,2.8290226
CV28,2.970125,3.5576613,3.3101838,3.0574126,2.091623,2.557514,3.1296554,2.4792235
CV31,3.2341626,3.6913574,2.8474004,3.2414415,2.2427514,2.8434446,3.0085077,2.6134453
CV33,3.134975,3.4767363,3.013689,3.077851,2.241393,2.617971,2.8403082,2.66735
CV35,2.9475496,3.4670215,3.5886378,3.1987412,2.206063,2.3757668,3.3163114,2.5597193
CV37,3.3689487,3.6719453,2.7283165,3.3945577,2.2244728,3.1509604,2.5390093,2.5117013
CV38,3.5189774,3.376875,2.6007216,3.3868499,2.3912468,3.0940597,2.2705586,2.4793477
CV39,2.7945025,3.3498256,3.6641457,3.0385196,2.3741708,2.6495314,3.456072,2.7774596
CV41,3.421331,3.0684707,2.4993644,2.9786696,2.7180111,3.2134297,2.4451566,2.6448677
CV42,3.060337,3.3160563,3.1568756,3.310675,2.259278,2.6713016,2.5516438,2.6658607
CV43,3.4241455,3.181917,2.6386955,2.9891284,2.8051882,3.2275248,2.6911855,2.796303
CV45,2.6636112,3.4691575,3.572745,2.770595,2.3309839,2.2920423,3.6776567,2.8716624
ET101,2.549579,3.3958929,3.0161781,2.9419796,2.4785688,2.4275339,3.2548969,2.8215039
ET103,2.064103,2.8425786,3.4041848,2.5423038,3.0395365,2.1418955,3.9496386,3.351101
ET104,2.5339506,3.6975832,3.1649268,3.2945433,2.1919317,2.2465832,3.6259317,2.6799076
ET105,2.0067024,2.7316227,3.4000788,2.4291763,3.2843578,2.0624917,4.120698,3.7182667
ET106,2.8793433,2.7286375,2.4600391,2.5619085,3.2134337,2.968109,2.877804,3.300719
ET107,2.9087949,2.4364867,2.6234252,2.4101615,3.3713176,3.0140605,3.2375364,3.674248
ET108,2.3490565,2.6877708,3.055029,2.3861024,3.1008453,2.4826179,3.4815035,3.568026
ET109,2.141524,2.7261636,3.3911214,2.2755508,3.282549,2.2489555,3.9051816,3.748246
ET110,1.5440683,3.1035717,4.035517,2.5456848,2.677644,1.6765915,4.637745,3.2674825
ET111,2.948271,2.7567801,2.5615237,2.6883142,3.1165988,2.963245,2.7831132,3.121763
ET112,2.7757602,2.4843748,2.7672968,2.3791993,3.4124873,2.896189,3.233333,3.537242
ET113,2.834772,2.6195529,2.659602,2.434777,3.3574526,3.0223055,3.1815724,3.644825
ET115,2.3178031,2.8518045,3.0697367,2.455611,3.1640103,2.560366,3.7202182,3.7381082
ET116,2.2225375,3.1184356,3.2931187,2.6302738,2.7478483,2.2185,3.8472428,3.1707704
ET117,2.9791503,3.0909238,2.7062268,2.8033571,2.710466,2.8509007,3.1249917,3.0279028
ET118,2.764012,2.3663743,2.5240989,2.3242388,3.5333304,2.8997111,2.888473,3.7488496
ET119,2.2452507,2.982709,3.3688552,2.5673442,2.9500556,2.0251694,3.9671555,3.2084563
ET120,2.0875814,2.846904,3.430372,2.314989,3.1587121,2.1367195,4.0657215,3.6270795
ET121,2.4943933,2.6504526,3.0044765,2.3666694,3.3051872,2.5467005,3.5461345,3.6403975
ET122,2.2308242,3.910259,3.5667872,3.13078,2.018309,1.6338618,4.031984,2.7122917
ET123,1.6955494,3.3782258,3.8473542,2.6785207,2.4402118,1.6529307,4.4204473,3.113149
ET124,1.5501623,3.2197137,3.8352602,2.4196846,2.6740835,1.6241531,4.3946676,3.2532306
ET125,2.6041284,2.304422,2.828704,2.3119664,3.5715187,2.7056956,3.4100013,3.8803203
ET201,3.0539339,3.5932274,2.8707304,3.2028542,2.2631936,2.5738528,2.9672563,2.6164086
ET202,2.721272,2.8771288,2.5517962,2.6976893,2.8407464,2.6865385,2.9910684,3.0571394
ET203,2.7069657,2.694337,2.70103,2.515555,3.0304255,2.857943,2.8701103,3.331402
ET205,3.0914128,2.483371,2.4645934,2.4086823,3.4316978,3.2622893,2.9491158,3.5498605
ET206,2.0876892,3.3397338,3.3408024,2.669941,2.4102702,1.9767201,4.0754156,3.1647797
ET207,2.868541,3.4221015,2.8105636,3.1835988,2.4003596,2.5764766,3.1442823,2.7907937
ET210,2.2674284,2.9157329,3.193169,2.57622,3.1202965,2.4200666,3.5619354,3.4402065
ET211,1.526513,2.3624098,3.8077471,2.0516584,3.3362622,1.8826413,4.3192325,3.6383364
ET212,2.2788482,2.7145615,3.1160147,2.4681606,3.1658614,2.3562624,3.5615354,3.3823857
ET213,2.880808,2.9277189,2.6195345,2.7340326,2.9756315,2.904321,3.0097668,3.1129868
ET214,2.4448087,2.8994787,3.2041025,2.559111,2.96935,2.4453266,3.5799415,3.335227
ET215,2.2023911,2.994863,3.1301775,2.5037608,2.8589692,2.339558,3.58504,3.259448
ET216,2.387691,3.0483875,3.3132193,2.5283432,2.6942484,2.1835766,3.8672485,3.1975636
ET218,2.4972699,2.9412796,2.9370518,2.6108274,2.8420837,2.4066343,3.4699976,3.170849
ET219,2.0083125,2.935389,3.5066838,2.4659343,3.007363,2.0837681,4.3050985,3.2906444
ET220,2.680529,3.134919,3.0565352,2.4851627,2.7343633,2.6482446,3.5126834,3.0040545
ET221,2.8524196,3.3961227,2.9107523,3.1173353,2.4500945,2.593188,3.0872838,2.8176076
ET222,3.01845,3.3299122,2.7625895,2.9319894,2.52503,2.7177367,3.289193,3.0293484
ET302,2.336109,3.101913,3.0243945,2.755449,2.6219327,2.2853327,3.4445949,2.9543495
ET303,2.0268886,2.5374663,3.2497663,2.2779744,3.2573736,2.0516045,3.9983983,3.4407732
ET304,1.9447224,2.8189545,3.1955009,2.3782887,2.9444704,2.0097804,4.202199,3.4158669
ET305,2.9788988,3.213203,2.3451905,2.9557483,2.54378,2.8300626,2.7578576,2.766086
ET306,2.567293,3.370674,2.8784673,2.755398,2.39007,2.4834242,3.4300117,2.7637048
ET307,2.5320613,3.1408389,2.9518342,2.926024,2.7502837,2.5836258,3.1894379,2.979636
ET308,2.5240226,2.4676442,3.0188954,2.4020147,3.3359456,2.4802105,3.466012,3.6140692
ET310,2.4004686,3.7399015,3.6451273,3.1490128,2.068642,2.0384421,3.6418014,2.645101
ET311,2.6776314,3.8469265,3.12533,3.4270685,1.7302591,1.990612,3.4746137,2.3348136
ET312,3.2225404,3.2983642,2.7046487,3.2177382,2.443415,3.1774998,2.8615808,2.8785987
ET313,3.1420667,3.4501364,2.783042,3.1582756,2.4833286,3.0089555,3.1391468,2.684895
ET314,1.9729524,3.1351895,3.5280316,2.4951367,2.5031967,1.8296721,4.0397954,3.0136597
M110,2.267998,3.8188457,3.6354797,3.0626683,1.7915909,2.019191,3.7688723,2.6251705
M111,2.604616,3.5720968,3.3913968,3.1919367,2.1074455,2.3634315,3.3695564,2.602747
M113,2.6695154,3.7358158,3.4906936,3.2487833,1.7579927,2.3016727,3.4898438,2.4276996
M11,2.7916474,3.4680784,3.4959998,3.221383,2.1590214,2.361583,3.4609945,2.4579763
M12,2.1830573,3.7622497,3.9255416,3.2476344,2.0040948,2.0311975,4.0318236,2.6745965
M13,2.2866113,3.5495963,3.6259928,3.182783,2.0047886,1.9637324,4.005046,2.6966214
M16,2.8419454,3.6097739,3.2686698,3.2884536,1.852649,2.2469668,2.8515918,2.319879
M17,3.3503425,3.5504541,2.971223,3.264532,2.1262302,2.922476,2.8531218,2.541135
M210,1.7059697,3.8769605,3.9340804,2.9736633,1.8222452,1.4057667,4.2732577,2.4839141
M21,3.0868788,3.6990879,2.9603124,3.4095848,1.9055879,2.8215904,2.6665099,2.3523912
M22,1.9754376,4.0496106,3.878648,3.1272032,1.4873111,1.5634941,3.9777215,2.4834373
M23,2.8933508,3.3417888,3.2807376,3.3652158,2.1822877,2.3814874,3.0202377,2.3553433
M24,2.6833236,3.0927815,2.7961888,2.5767138,2.7546215,2.5915835,3.1903324,3.0489612
M26,2.5368009,3.6209862,3.385909,3.1149015,2.0253036,2.1840572,3.442504,2.6845946
M28,2.4262834,3.791723,3.571809,3.3820808,1.7806119,1.9576955,3.3147671,2.4421673
M29,2.559093,3.638484,3.557735,3.1498864,1.8794105,1.9768071,3.4855897,2.4999874
MC101,2.753544,2.7444558,2.375245,2.60797,3.1153736,2.8706188,2.912319,3.2530112
MC102,3.118638,2.3640873,2.0148618,2.355593,3.483142,3.4663486,2.425715,3.651252
MC103,2.4218652,2.3590794,2.473831,2.183807,3.609479,2.8251936,3.2044547,3.9393225
MC104,2.7881894,2.5882888,2.842893,2.5592086,3.2617085,2.9732952,3.2103212,3.7172809
MC105,2.5714922,3.0801232,3.1960843,2.5314507,2.85362,2.3794246,3.4914925,3.2919018
MC106,2.8840523,2.8835704,2.7751234,2.6304066,3.0891106,2.756995,3.214677,3.0959477
MC108,3.0428796,2.6872292,2.5746527,2.4241698,3.2734551,3.1023316,2.9930902,3.46111
MC110,2.3277876,2.625422,2.7337425,1.9842438,3.2223778,2.4063725,3.4245234,3.5346382
MC111,3.6704922,2.9782495,2.0843234,2.9886417,3.0408254,3.6900084,2.215515,2.9402118
MC112,2.5574064,3.1515403,3.4375958,2.8337235,2.347424,2.030824,3.7060013,2.8297293
MC114,2.9176042,3.052157,2.820208,2.8997016,2.8534312,2.711937,3.1194253,2.9812827
MC115,3.0294755,2.756242,2.5890005,2.6423106,3.0203016,2.9652116,2.857568,3.3303273
MC116,2.7129695,3.1908216,3.088231,2.7392292,2.72768,2.5125337,3.445663,3.103597
MC118,2.5113115,3.1091032,2.7040946,2.6344864,2.4445126,2.4591923,2.8771477,2.9804945
MC119,2.7348728,3.0093431,3.053132,2.6011252,2.947332,2.5531168,3.230012,3.2119665
MC120,3.3911865,3.2788465,2.6203296,3.1924763,2.6588826,3.191159,2.5430958,2.6834905
MC121,3.2602422,2.509744,2.4446514,2.528843,3.489079,3.1727889,2.6941729,3.1714926
MC122,2.9503727,3.2015033,2.8584473,2.787669,2.5761364,2.725899,3.0975897,2.8440585
MC127,2.907502,3.1685007,2.5438259,2.7799964,2.7585568,2.8721545,2.7013965,3.1223328
MC129,3.412663,2.9006581,2.345288,2.462382,3.0823278,3.281932,2.5682178,3.2655706
MC203,3.1886206,2.4895563,2.149183,2.4754994,3.4685009,3.405458,2.604406,3.6763291
MC204,3.0817838,2.2135918,2.0770414,2.2317953,3.700062,3.477993,2.650987,3.7150881
MC206,3.3587203,2.602346,1.8294512,2.5771124,3.3192945,3.711657,2.073343,3.549545
MC207,2.853759,3.067592,2.612381,2.7750564,2.6733375,2.6417189,2.8660166,2.866313
MC301,2.6647375,2.4057226,2.5862045,2.3987553,3.8127608,2.9231231,3.415582,3.995623
MC302,2.8139088,2.2328835,2.2447317,2.2569888,3.749877,3.0395854,3.0179043,4.0179133
MC303,3.100651,2.6206346,2.189294,2.4536006,3.231849,3.2815514,2.5644374,3.4165938
MC307,2.8847306,2.1884613,2.0392017,2.2277992,3.769531,3.2764297,2.8338435,3.8558226
MC308,3.9310198,2.547791,2.1037776,2.866558,3.2277112,3.9502807,1.9424938,2.8693132
MC309,2.214144,2.656554,3.0303783,2.1644325,3.1949856,2.225576,3.900203,3.778493
MC310,3.409095,2.327617,1.9311367,2.4106064,3.5334322,3.789562,2.0646164,3.4113612
MC311,2.6839716,2.4851913,2.5340765,2.211082,3.6419044,2.9548988,3.177775,3.9049807
MC312,3.538718,2.9155512,2.3294232,2.9215646,2.8742585,3.4591274,2.348583,3.0134203
MC316,2.9813795,2.8962538,2.470638,2.6738307,2.9246438,2.997166,2.7533343,3.3177898
MC317,3.10258,3.588792,2.5764184,3.4634812,2.0642524,2.8297417,2.4102032,2.406268
MC318,2.663415,2.7825296,2.489022,2.5300465,3.2263527,2.780825,3.1417654,3.4944985
MC319,2.444673,2.404885,2.5607426,2.188419,3.5339513,2.6919882,3.4912813,3.8951566
MC320,3.5033092,3.1590412,2.0686738,3.0703623,2.696944,3.5087132,2.2003775,2.6799486
MC321,2.310428,2.7171233,2.8653162,2.3539388,3.069603,2.448334,3.6873,3.7894454
MC323,1.7690706,2.6710167,3.7201824,1.8020375,3.1721377,1.542721,4.505706,3.8705761
MC324,2.6633124,2.9101157,2.5611434,2.5427394,2.7429721,2.7574575,2.9005902,3.15158
MC325,3.4051843,3.1612527,2.4648254,3.1182182,2.7795906,3.293911,2.5782928,2.9872675
MC328,3.0240529,2.3786736,1.983375,2.3913085,3.624517,3.2181606,2.5977075,3.631672
MC329,2.6993825,2.9543512,3.0777762,2.5658467,3.005546,2.600569,3.493267,3.502756
MC330,3.2012913,2.7329128,2.1770036,2.7295606,3.0056303,3.2748613,2.4652774,3.2039013
MC331,3.2167442,2.6895356,2.1770627,2.7631536,3.2066305,3.281442,2.4725072,3.218352
MC332,2.5091612,2.657678,2.821409,2.4141257,3.5045142,2.5007522,3.6538134,3.8835037
MC333,3.1811986,3.2427037,2.7006311,2.990842,2.6404552,2.9722168,2.8543975,2.8308423
MC334,2.548765,2.471607,2.2643638,2.1761107,3.2425401,2.7606475,3.0912027,3.4486244
MC335,3.038623,2.5401263,2.1635604,2.4428124,3.5178893,3.2887025,2.753432,3.3731177
MC336,3.2485418,3.0529506,2.0671015,2.9418235,2.8174024,3.3222332,2.4014819,2.912443
MC401,2.9497132,2.3115559,2.192879,2.2807143,3.7648838,3.1472542,3.0577092,3.7557154
MC402,2.7841208,2.3819976,2.2135382,2.3484583,3.7137117,3.0087209,2.9609582,3.7100399
MC404,2.7530105,3.1893222,2.8871017,2.687857,2.555083,2.614351,3.202124,3.0063546
MC405,2.596542,2.3411117,2.2608411,2.15434,3.6423697,2.9496796,3.0864182,4.0452614
MC406,3.3810856,2.6299913,1.8416845,2.3687704,3.1847837,3.736275,2.2534275,3.333764
MC407,2.9503474,2.464676,2.347829,2.3345504,3.6143684,3.1333115,2.8541625,3.5546374
MC409,3.0922937,2.5640802,2.2216353,2.499078,3.4473798,3.317177,2.581681,3.3536615
MC410,2.692896,2.5138214,2.5072255,2.2530177,3.4830978,3.0204835,3.0563135,3.7926698
MC412,3.320594,2.646414,2.0517461,2.6261787,3.1973,3.4729023,2.1112483,3.1643634
MC413,3.390211,2.8020704,2.112022,2.6655838,3.1229062,3.4279966,2.400751,2.959615
MC414,2.9080315,2.6610606,2.3082874,2.3258886,3.3566513,3.1524231,2.8913732,3.5536664
MC415,2.9666913,2.9707978,2.8579903,2.6792765,2.878769,2.669485,3.1495144,3.0401514
MC416,3.0817988,2.765856,2.0899205,2.4686809,3.176214,3.0701463,2.6198158,3.3646429
MC417,3.0820887,3.437652,2.7908165,3.0258508,2.5206203,2.7306128,3.114102,2.744136
MC418,2.6869648,2.7437353,2.4725692,2.203305,3.2021074,2.7922106,3.1538715,3.7671585
MG101,2.8246849,3.2361448,2.8765073,2.6408577,2.5631478,2.6310885,3.177999,2.805576
MG102,3.166138,3.4246333,2.5649633,3.0160782,2.4899173,2.8303747,2.8501081,2.5294855
MG103,3.4185684,2.8303556,2.44358,2.6683185,2.9288979,3.2782629,3.064474,3.1361628
MG104,3.440874,3.0884614,2.3794582,2.9850304,2.9587967,3.2777734,2.591151,3.0012002
MG105,2.3648906,2.5186708,3.054128,2.2872434,3.71268,2.3828342,4.053264,3.822275
MG106,3.552409,2.9005356,2.1256986,2.6904097,3.0615098,3.5420232,2.5825949,3.0940428
MG108,3.2130253,3.1940432,2.7427292,2.8453748,2.8045752,3.0043058,2.9382708,3.238423
MG109,2.4824033,3.5860133,3.4673407,3.0624304,2.0737138,2.0247958,3.540218,2.6018794
MG110,3.2142305,3.3094556,2.6245267,2.959605,2.6894796,3.0572033,2.9104767,2.708423
MG111,2.380661,2.8241398,3.2149959,2.3197172,2.838074,2.1696556,3.7933445,3.1354253
MG114,2.7561462,3.9099462,2.8446739,3.293925,1.9086804,2.5348797,3.149552,2.3311074
MG116,3.1708484,3.4965975,2.695349,3.0070803,2.4589353,2.9512296,2.9812741,2.6376927
MG118,3.25176,3.2337766,2.5944426,2.8669288,2.81612,3.174246,2.8752162,2.854628
MG119,2.5175343,3.5426931,3.575954,2.9458249,2.5951915,2.2567143,3.59316,2.9545605
ML101,2.295474,3.8993742,3.8385084,3.4169872,1.467134,1.8731401,3.7696822,2.459458
ML103,2.6413114,3.3753898,3.0635262,3.1327412,2.364231,2.3873928,3.4103317,2.6110673
ML104,3.0911486,3.5027664,2.8665817,3.409392,2.3031266,2.736679,3.1750069,2.5310698
ML105,2.6205032,3.3846376,2.9584918,2.943291,2.2243516,2.4071028,3.151032,2.6151698
ML106,2.3908339,3.8087049,3.5021534,3.2050579,1.7711071,1.8853331,3.5736554,2.4546
ML111,2.6005762,3.4642859,3.2938707,3.138319,2.1057158,2.1940615,3.288451,2.6254284
ML112,2.5806541,3.9822044,3.2158124,3.4421747,1.7724749,2.1314936,3.2832627,2.3636265
ML130,2.555627,3.4034052,3.5047467,2.9506662,2.320193,2.349324,3.5878222,2.7365012
ML131,2.4485044,3.256482,3.3885326,2.896777,2.4967148,2.156643,3.8040702,2.8349018
ML132,2.394501,3.8584652,3.5656526,3.4521785,1.6160553,2.1493459,3.6943038,2.462894
ML133,2.5840583,3.8050077,3.209241,3.376511,1.8920283,2.0775013,3.334286,2.528954
ML202,2.0114973,3.900668,3.8557763,3.1510344,1.9166064,1.8112556,4.0853014,2.7282808
ML203,2.7937922,3.8756113,3.0384839,3.5998113,1.8064102,2.23384,2.9990265,2.296479
ML204,2.055612,4.005694,3.7588172,3.2267644,1.5643939,1.7887715,3.9389656,2.5101926
ML205,2.486818,3.7022855,3.4491408,3.1032336,1.9062364,2.1641831,3.4339578,2.432554
ML206,2.9748244,3.416292,3.0507169,3.1236267,2.3635073,2.8034515,3.1639721,2.5648267
ML208,2.6056697,3.6790717,3.4294744,3.254401,1.9896771,2.1074004,3.3356926,2.5148895
ML209,2.0609865,3.4492779,3.8230596,2.91273,2.2788668,1.9348227,3.9181688,2.9425604
ML210,2.6557605,3.336432,3.0352743,2.905478,2.379367,2.5439596,3.2000349,2.740124
ML211,2.2358568,3.6019862,3.5685246,3.0156999,2.1873155,1.8248779,3.7696712,2.8820207
ML212,2.9319258,3.571282,2.5884066,3.1723359,2.373541,2.9341264,2.8415112,2.608319
ML213,2.4546678,3.877873,3.3241124,3.3083618,1.9639456,2.1425142,3.6193345,2.6042068
ML214,2.5431015,3.6080954,3.203299,3.1093051,2.1521327,2.2563086,3.416942,2.616535
NP101,4.371355,1.908466,1.6094394,2.6486533,3.68485,4.3883185,1.9733323,3.6204972
NP102,3.5514853,2.3250685,2.2244103,2.4543498,3.5698423,3.7813153,2.7022152,3.5205452
NP106,3.7134733,2.526215,2.323628,2.6946082,3.1395745,3.6397674,2.7456975,3.1960664
NP107,3.766207,2.4539664,2.205252,2.6524637,3.3281806,3.7144141,2.2869463,3.1950738
NP108,3.675283,2.2116363,2.0935264,2.4266505,3.546974,3.8827496,2.4216702,3.479193
NP109,3.659669,2.5477145,2.206732,2.7663074,3.1660345,3.6040103,2.6195118,3.1219602
NP110,3.5933468,2.1465142,2.1364272,2.398164,3.8677926,3.7390933,2.5398574,3.7547526
NP111,4.222189,2.340304,1.8301839,2.7700512,3.4615052,4.198618,2.0112412,3.2287598
NP112,2.911461,2.903401,2.9560544,2.6311126,3.049687,2.8478131,3.6096954,3.243796
NP113,3.9749618,2.7388265,1.944944,2.9786682,3.0534716,4.0642586,2.1520383,2.860664
NP114,3.7007582,2.3745835,2.2047272,2.4857507,3.4584775,3.6532629,2.76953,3.4663465
NP116,2.8819497,2.629859,2.9495325,2.4881947,3.3572242,2.7275016,3.4649994,3.609908
NP117,4.0854473,2.6591728,1.8246071,2.980157,3.3101428,4.211041,1.9477586,2.9390695
NP118,3.4944794,2.3172379,2.2687273,2.310762,3.4006822,3.5638156,2.6844482,3.3935287
NP119,4.0781007,2.9200017,2.1561787,3.2802086,2.9660676,4.1373873,2.1786108,2.7882576
NP120,4.0033216,2.0723708,1.8382725,2.4728117,3.722361,4.253483,2.1309547,3.2700422
NP123,3.798527,2.424034,2.0425956,2.656963,3.3794868,3.9664822,2.2950382,3.0991974
NP125,4.1435804,2.2887871,1.7786992,2.7025287,3.4128594,4.348361,1.9190602,3.1582344
NP126,3.9324574,2.4034703,2.078685,2.5923464,3.2330778,3.8745322,2.105666,3.1895046
NP127,3.1240835,2.2582238,2.6342134,2.3421059,3.3189373,3.0189805,3.4076815,3.3330739
NP128,3.5684335,2.6780548,2.3131135,2.748156,3.048746,3.7378888,2.367782,3.068015
NP129,3.1174023,2.5768905,2.9057255,2.4422376,3.147489,2.9924788,3.2502546,3.4128847
NP131,3.7315123,2.7770023,1.9955224,2.9510894,3.01578,3.9837897,2.1437275,2.9031703
NP132,3.7942157,3.0225425,2.3856921,3.2692466,2.6687982,3.659061,2.5796137,3.0541537
NP133,3.5188959,2.1809936,2.4397008,2.2084332,3.5051713,3.3871906,2.9327729,3.5123608
NP134,4.0458508,3.0020473,2.1897533,3.331902,2.8412774,3.9909272,2.266105,2.7564983
NP135,3.086731,2.5496113,2.733961,2.363009,3.33372,3.065095,2.8839476,3.3201158
NP136,3.0369732,2.9541576,2.7874475,2.6785622,2.7355728,2.9064214,2.948029,3.0564685
NP138,2.9672737,2.3656142,2.7992172,2.0541716,3.3683362,3.0070386,3.2549136,3.586681
NP139,4.074686,2.2513971,2.0278974,2.5477347,3.4303346,3.9368455,2.3046982,3.307906
NP140,3.2923648,2.2448018,2.5064657,2.5764282,3.4548786,3.3110423,3.0247686,3.2716348
NP141,3.9179301,1.9754179,1.7115449,2.4412496,3.7088358,4.0919533,2.1330419,3.5398307
NP142,3.765685,2.4479704,2.147891,2.5545735,3.3147619,3.7117019,2.3508863,3.0683541
NP143,3.4950671,2.4123478,2.2378614,2.431777,3.3084373,3.642219,2.40767,3.1315446
NP144,3.529746,2.611286,2.4651964,2.5373738,3.1350813,3.441768,2.8355343,3.2616448
NP146,3.6544907,2.9700034,2.3434503,3.0462446,2.836695,3.638345,2.5161462,2.961531
NP147,3.1769185,2.9100537,2.8104603,2.8086624,2.8604393,3.0915723,3.167305,3.2010171
NP148,3.6050084,2.7825286,2.2360106,2.6312385,3.0658128,3.8399196,2.47167,3.0275881
NP149,3.0567079,2.8408124,2.6548815,2.6281598,2.823776,2.919979,3.0657067,3.2063632
NP150,3.3246233,2.358982,2.4013965,2.4456875,3.3083396,3.3851633,2.9332554,3.3337247
NP151,3.8860652,2.499271,2.1444983,2.6712837,3.2998822,3.8813484,2.2336562,3.3629353
NP152,3.6494079,2.875785,2.483917,2.9574897,2.817269,3.5082731,2.7381475,3.0770707
NP153,3.367627,3.0554426,2.6629558,2.89957,2.706175,3.1783228,2.8536067,2.9249146
NP154,4.204626,1.7927083,1.6578069,2.4840174,3.7665591,4.3753715,1.8564094,3.3793929
NP155,3.98218,2.3908248,2.1025815,2.7261877,3.2075107,3.9446816,2.3546827,3.2612922
NP156,4.2817826,2.0638301,1.569807,2.6249685,3.7273064,4.4333544,1.8988225,3.5358398
NP157,3.5575564,2.2366936,2.0830119,2.4426544,3.712248,3.6505733,2.2185066,3.6657636
NP158,3.8058915,2.1353762,1.4746513,2.4286664,3.6344404,4.030535,1.8185096,3.2543232
NP160,3.5576353,2.4939256,2.1754484,2.5332923,3.2659287,3.7739804,2.2579863,3.3488548
NP161,3.736066,2.6658704,2.0317333,2.7744012,3.115234,4.180281,1.9157919,2.9371717
NP163,3.3923414,2.5140498,2.3862247,2.5485876,3.3111336,3.501669,2.6874366,3.323274
PL101,2.8123984,2.8061233,2.8005137,2.6399252,3.1032822,2.9939897,2.848542,3.2427862
PL102,2.356549,2.8791413,3.221252,2.3998456,2.854778,2.2298336,3.3920941,3.2637153
PL103,2.7949324,3.4105678,2.821261,2.8797092,2.428407,2.591392,3.175331,3.024906
PL105,2.7324119,2.7251241,2.4058688,2.3435571,3.3426237,2.9764888,2.9441972,3.60337
PL106,2.6727362,2.3658423,2.3893847,2.0982473,3.6915345,2.9834151,3.1474857,3.6896222
PL107,2.3870454,2.890667,3.2091415,2.5198774,3.121716,2.401688,3.719795,3.5671167
PL108,2.1906133,3.3307114,3.4333506,2.5538764,2.6590388,2.1855183,3.6046777,3.0803976
PL109,2.3516815,2.722242,2.8790908,2.1721785,2.9962132,2.429287,3.6582692,3.3959882
PL112,2.392137,2.8685343,3.053175,2.3721838,3.094757,2.5573406,3.448108,3.689519
PL114,2.5187707,3.0143564,3.2319226,2.4499662,2.6657438,2.3531966,3.4473443,3.0917377
PL116,2.2229483,2.8860402,3.4984577,2.4236553,2.9141877,2.1448572,3.8943655,3.4264584
PL119,2.8078547,3.3346455,2.9485183,2.9108334,2.5989795,2.6974804,3.2009065,2.8165002
PL120,2.2122705,2.9011204,3.342102,2.449358,2.8140945,1.9696994,3.9132595,3.2045362
PL201,2.1441886,2.9792662,3.2606378,2.432667,3.1443071,2.2685144,3.8449576,3.339845
PL202,3.1431928,3.0706735,2.78438,2.852121,2.849818,2.9031239,3.126049,2.9441757
PL203,2.5541327,2.8653383,2.8193834,2.5988665,3.1061172,2.7603426,3.1815948,3.4482555
PL205,2.4382427,3.191689,3.7449417,2.603527,2.5785897,2.128516,3.7794569,3.1704102
PL206,2.9492006,2.832568,2.6706796,2.8215585,2.8689065,3.0196042,2.766598,2.9985623
PL209,2.5351467,3.4321558,2.9852676,2.857652,2.4330277,2.3744185,3.3139489,2.913282
PL210,3.1099317,2.7533598,2.2623932,2.6406808,3.022895,3.2944407,2.3032906,3.2682595
PL211,2.344785,2.8030252,3.0896437,2.3643403,3.1048312,2.324329,3.7029893,3.7445142
PL213,2.700814,2.7096035,2.6679091,2.3669186,3.37387,2.83386,3.1802168,3.4929693
PL215,2.4927495,3.0886252,3.0173645,2.582778,2.891109,2.4500282,3.4771683,3.0311658
PL216,2.0323048,2.8511646,3.254683,2.063786,3.3909092,2.2625895,3.9837883,3.7902684
PL217,2.839278,3.0016236,2.5526462,2.7591908,2.8740344,2.7402964,3.0494583,2.9075227
PL218,2.4179351,3.0217743,2.9497983,2.3877902,2.9036913,2.3894303,3.4962687,3.3085327
PL219,2.990073,3.3096812,2.856126,2.9820263,2.4274356,2.7543657,2.8583262,2.7433677
PL220,2.1042035,3.210267,3.1033008,2.4720852,2.721717,2.182426,3.764442,3.3499832
PL221,3.0323758,3.0083535,2.3578482,2.6177375,2.9315975,3.031874,2.8874898,3.3730602
PL222,3.0510476,3.1221266,2.9197583,2.8729725,2.59575,2.9713905,2.7270525,2.8080556
PL224,2.1547673,2.5785475,3.15802,2.3551352,3.4563441,2.332381,3.9620633,3.9767895
PL227,2.34963,2.6598215,2.6672835,2.0299726,3.4057608,2.6175141,3.654516,3.9219754
PL228,2.0349874,3.429205,3.7993736,2.4896924,2.2025611,1.5966877,4.22073,2.961091
PL230,2.8028584,2.6618457,2.3959825,2.4840147,3.348334,2.9629161,2.886812,3.3355079
PL231,2.9141147,3.193282,2.622823,2.841195,2.6430893,2.9196694,2.7165935,2.9491427
PL234,2.027677,3.1287613,3.8089352,2.4699347,2.6052077,1.8232672,4.1209044,3.2198908
RF101,3.2940187,3.6080103,2.8773685,3.355563,2.2786868,2.9650402,2.8031359,2.7131503
RF102,2.9192166,3.4377844,3.295627,2.9700496,2.303406,2.4497402,3.3281667,2.7887719
RF103,3.5657897,3.1073174,2.1725705,3.078628,2.8787105,3.4841702,2.2502897,2.9428706
RF104,2.4156902,2.4560492,2.8931382,1.9997392,3.4153728,2.207135,3.9051247,3.4823058
RF105,2.5349877,2.917373,2.8294146,2.4010787,2.8050134,2.5224214,3.5134954,3.1420574
RF106,3.3855126,3.09086,2.1034074,2.9090817,2.7906077,3.3654406,2.346835,2.9579144
RF108,2.7760828,3.1424484,3.393235,2.6714668,2.6456547,2.5013707,3.5311563,3.2229142
RF109,3.6180418,2.8986156,2.0580375,3.0107706,3.1061065,3.7005513,2.0580382,2.842141
RF110,2.8372858,3.4650702,3.139845,3.0175653,2.4511938,2.6481764,3.3483207,3.062806
RF111,3.1909091,2.9794636,2.0564373,2.6145475,3.0797787,3.3644333,2.6123466,3.307262
RF112,3.5135572,3.1772635,2.3192358,3.1784873,2.5373485,3.2516208,2.2309804,2.7580981
RF113,2.2694397,2.805032,3.2719285,2.4693987,3.0303264,2.3287098,3.7143967,3.2037594
RF114,2.8543997,2.5296338,2.7989068,2.6014855,3.0925145,2.8650396,3.0232756,3.1931722
RF115,2.2055576,3.0809574,3.0945795,2.2729454,2.6469967,2.3792503,3.9144635,3.1538622
RF116,2.5696292,2.5408263,2.7531095,2.1949494,3.4588766,2.7812395,3.2586398,3.6201231
RF117,3.062165,3.4626288,2.5913804,2.8941784,2.619914,3.0302725,2.8873873,2.7811701
RF118,3.2024384,3.1383219,2.6286511,2.894638,2.8357592,2.8360035,2.9970922,3.0320606
RF120,2.5064173,3.1078022,3.092526,2.737709,2.640039,2.583469,3.733096,3.0299487
RF121,3.1866982,3.161508,2.3069808,2.8332994,2.744022,3.1131516,2.778995,2.9055007
RF122,2.9519284,2.5389392,2.366978,2.3263535,3.326519,2.9885254,2.7875333,3.5167036
RF124,3.4519086,2.8400102,2.297103,2.7510262,3.037349,3.326409,2.4965224,3.214941
RF125,3.5772061,2.6084497,1.969175,2.682098,3.3181725,3.7638261,2.342024,3.0726275
RF126,3.0845613,3.5194552,2.7739015,3.0265613,2.4850724,2.8114393,3.1350682,2.5259411
RF127,3.2743862,2.825081,2.4728994,2.809182,2.975042,3.232541,2.7582626,3.163599
RF128,2.4934542,2.4587529,2.7610972,1.9666188,3.7452288,2.7685142,3.4987662,3.8262215
RF129,3.9101093,2.8024447,2.1885192,3.0819113,2.9549909,3.8817716,2.0183005,2.9056609
RF130,3.001688,3.3223388,3.0830836,2.8608797,2.698124,2.691468,3.3826227,3.0426471
RF131,2.7220602,3.5512366,3.1510513,2.8741844,2.2601547,2.3615625,3.335784,2.6835685
RF132,3.3454413,3.364876,2.5827816,3.0968592,2.5042624,3.322445,2.8077657,2.473206
RF133,3.1097012,3.193602,2.769913,2.8512042,2.7226374,3.1707246,2.7705388,2.69452
RF134,2.9138317,3.2224736,2.8836067,2.8258626,2.680804,2.7123199,3.0794747,2.8704412
RF136,3.00012,2.9485712,2.744675,2.8552957,2.9959254,2.9763696,2.9410636,3.140744
RF137,2.4311318,3.051693,3.2268846,2.358838,2.8571806,2.3055897,3.7667418,3.1478398
RF139,2.7262752,2.8297083,3.0391865,2.5565588,3.059069,2.4048505,3.7495728,3.133016
RF140,3.0391483,3.0313892,2.9881651,2.3483744,2.9836953,2.7443125,3.5200462,3.218529
RF141,2.628521,3.254889,3.3869045,2.79693,2.7551851,2.5090203,3.5848463,3.3302684
RF143,2.6478636,2.529652,2.726322,2.1432192,3.5483809,2.783026,3.500355,3.625886
RF201,2.8838763,2.8976977,2.4317467,2.6479752,3.1221714,2.9538064,2.7765834,3.2053154
RF203,3.7219236,2.8401623,2.1706233,2.9323514,3.1682646,3.8410263,2.1249666,3.0919778
RF204,3.2152798,2.941734,2.137492,2.862091,2.9562142,3.2236362,2.4053125,3.1311657
RF205,3.856809,2.4689863,1.6252948,2.7009199,3.4562426,4.1604295,1.9652667,3.0664558
RF206,3.4999266,3.127005,2.1919138,2.9646714,2.8814125,3.5181093,2.4770381,2.8374054
RF207,2.673332,3.7278523,3.036869,3.2573235,2.0637991,2.5992465,3.2451096,2.5414944
RF208,3.2997098,2.7953742,2.18613,2.601467,3.111597,3.4057217,2.5527756,2.911681
RF209,3.0513124,3.0317886,2.5209866,2.7938037,2.8739693,2.984063,2.6607723,3.1113775
RF210,3.6192358,2.9805167,2.079867,2.8818552,2.810355,3.6431534,2.2620163,2.9682148
RF211,3.5060139,2.3672245,1.7419065,2.5005975,3.4204586,3.7923079,1.9914678,3.485416
RF212,3.59276,2.2677965,1.7847741,2.415819,3.7906072,4.042846,2.0234709,3.839469
RF213,3.1765673,2.706736,2.2287,2.6066735,3.1517744,3.4070961,2.355091,3.2846873
RF214,3.2754195,3.7027361,2.6028166,3.479536,2.1572156,2.928302,2.6221864,2.532831
RF215,3.6617386,3.4473426,2.4871695,3.2173624,2.5358152,3.55283,2.400329,2.5649226
RF216,3.2912226,2.7301028,2.1967242,2.7088726,3.3957472,3.4618442,2.739805,3.2752652
RF217,3.551136,2.2351954,1.8072777,2.4500618,3.6373618,3.9603198,2.0547256,3.601134
RF218,3.726151,2.299878,1.6334363,2.5672112,3.503102,4.1432776,1.7712767,3.58773
RF219,3.2463033,2.6679459,1.9744622,2.5939467,3.1446426,3.4178166,2.2688358,3.4901586
RF220,3.7353046,2.857025,1.7786856,2.9842327,3.082936,4.0460653,2.1312099,3.05029
RF221,3.6652236,2.2075531,1.756891,2.4972618,3.7146194,4.056893,1.9351459,3.568599
RF222,3.3860533,3.106375,2.37657,2.9760933,2.8192785,3.3888688,2.4586487,2.7567322
RF223,3.5328603,3.283201,2.1321428,3.177897,2.5070124,3.5049078,2.3607101,2.5846043
RF225,3.2134402,3.7299829,2.9129648,3.3863297,2.1219583,2.8838995,2.7244163,2.5512915
RF227,3.5281591,2.7893422,2.1368794,2.683734,3.1901603,3.6468017,2.3605592,2.9475167
RP102,3.1269314,2.4966836,2.4170246,2.3510184,3.2716992,3.1914284,2.6895783,3.4526742
RP103,3.6718633,2.9896328,2.1179993,3.0014994,2.6554043,3.588224,2.1270332,2.9272811
RP105,2.9214098,2.6203039,2.638528,2.5159981,3.1081145,2.8245428,2.8240702,3.4225655
RP108,3.0056307,2.5915186,2.7102175,2.42151,3.097104,2.9829855,2.870038,3.3942428
RP110,3.4623468,2.8806484,2.3449583,2.8684165,2.8626792,3.409802,2.3105366,3.1568484
RP113,2.9932892,2.805479,2.375818,2.655844,2.7793562,2.89113,2.5675242,3.294549
RP114,3.366331,2.574173,2.154265,2.588779,3.108859,3.582045,2.3501754,3.239587
RP116,3.059415,2.4196978,2.5400207,2.4638789,3.083773,2.9703126,2.681848,3.5191443
RP117,3.013727,2.288735,2.5268557,2.466085,3.3287737,3.0179265,2.868382,3.6700733
RP118,3.4346452,2.3837266,2.2589455,2.4935396,3.1435766,3.4488997,2.467136,3.326951
RP120,3.1971095,2.122372,2.3670933,2.2915235,3.6136792,3.222631,2.8573468,3.772499
RP121,3.4446888,3.3474028,2.1111696,3.1293252,2.4022913,3.4073796,2.2203448,2.7183914
RP122,3.2189353,2.2036564,2.2209456,2.3933604,3.5239844,3.274672,2.6027987,3.7927341
RP123,3.0432565,2.6407719,2.469103,2.6404858,2.9305654,2.9903705,2.6977649,3.2837029
RP124,3.0866168,3.0538492,2.363587,2.8000813,2.7264895,2.8831964,2.8024004,2.887353
RP125,3.086314,2.1138978,2.300112,2.3279881,3.3923757,3.1568415,2.8607526,3.6048982
RP126,2.9691553,2.720894,2.6486042,2.5701585,2.9262002,2.8136725,2.9718928,3.2057285
RP127,3.1477542,2.1625266,2.229713,2.4144423,3.5613625,3.194718,2.660008,3.8160763
RP128,3.5286658,2.2347527,2.0255415,2.4414742,3.2845447,3.509828,2.258516,3.4476647
RP129,3.0307598,2.2768254,2.4391556,2.3837914,3.4732673,3.0686715,2.875207,3.7195385
RP130,2.8441648,2.6108053,2.6409316,2.5203238,2.952925,3.0626287,2.8479443,3.0287812
RP131,3.1357012,2.487279,2.3849244,2.5634756,3.3141994,3.2102695,2.6674104,3.538455
RP132,3.2460127,2.025324,2.124525,2.3978698,3.462697,3.2408566,2.509132,3.6807845
RP133,3.0068958,2.4734654,2.3813097,2.4462829,3.0837283,3.0693657,2.71363,3.5044947
RP135,3.2577002,2.581029,2.3566592,2.6882997,2.97268,3.254326,2.4427793,3.2961729
RP136,2.9534328,2.6530597,2.7254128,2.4709873,2.9439738,2.8823125,3.0542774,3.4382987
RP137,3.186487,2.381691,2.4517322,2.4696627,3.3847325,3.1210792,2.6846232,3.6058705
RP138,3.1592321,2.226468,2.2450125,2.4306839,3.549807,3.302313,2.7853503,3.7359526
RP139,3.3652043,2.209126,2.060322,2.4009278,3.5146487,3.5086715,2.5304065,3.6669157
RP201,3.791139,3.1080337,2.387444,3.178623,2.5764427,3.551409,2.1862557,2.5696373
RP203,4.0329313,2.7252905,1.9379383,2.9729867,3.1662402,4.041797,1.9143913,2.9829583
RP204,3.6280408,2.7337084,2.6099684,2.8177755,3.214447,3.5285454,2.7537177,3.0023947
RP206,2.9972553,2.7999623,2.6315598,2.5873823,3.0328517,2.8121333,2.9264913,3.2668657
RP207,3.738376,2.2623062,1.5093275,2.6006768,3.342748,4.022114,1.8827431,3.254293
RP208,4.14647,2.377391,1.6643467,2.7943163,3.2503543,4.3430896,1.7293164,2.9848816
RP209,3.2306952,2.6242638,2.3578565,2.4762206,3.4957917,3.2216341,3.1532829,3.2535546
RP210,3.4646318,3.359082,2.405739,3.2098641,2.5053947,3.3808162,2.2255132,2.47232
RP211,3.9158742,3.1655674,2.4053924,3.3348722,2.530326,3.780379,2.1007686,2.5783515
RP212,3.6457798,2.3698764,1.8366507,2.5282393,3.2485077,3.803937,1.9018024,3.4537897
RP214,3.3105602,2.8509154,2.2925136,2.7120094,2.9487543,3.3412292,2.3601234,2.615006
RP215,4.0634127,2.588818,1.8654338,2.9610221,2.9938996,4.1146536,1.8379194,2.9024954
RP217,3.2232037,2.7906363,2.7803056,2.6120696,3.2030423,3.0507152,2.9864755,3.168928
RP218,3.1529691,2.9228077,2.9875581,2.8354323,3.0317008,2.9763188,3.4443247,3.023553
RP219,4.168962,2.456805,1.8202453,2.8858376,3.2787085,4.202339,1.8300031,2.9717422
RP220,2.6478758,3.6332488,3.1730158,3.0563962,2.0414925,2.2229178,3.6628888,2.6715708
RP221,3.3700857,2.8526142,2.4508886,2.781598,3.199532,3.0546305,2.6413624,2.816481
RP223,3.7576761,3.1687284,2.3487856,3.0914543,2.7820976,3.2970238,2.265046,2.8982642
RP224,3.6188204,2.8976078,2.1845872,2.921419,2.910829,3.504177,2.1668196,2.8592062
RP226,3.8168523,2.613277,1.906643,2.8881602,3.1234066,3.9927788,1.8310779,2.8748126
RP227,3.3474,3.8606124,2.859645,3.4605403,2.1215882,2.9417531,2.7523685,2.2983758
RP228,3.428571,3.3162518,2.5224156,3.1424582,2.583041,3.1088607,2.7128718,2.688258
RP229,3.6992729,3.1946168,2.3962767,3.212458,2.6433334,3.3765547,2.3413923,2.7614753
RP230,3.2260911,2.7946079,2.4229693,2.543465,3.3952556,3.1826658,3.01309,3.2401187
RP232,4.0206656,2.8621879,2.0134544,3.1342492,2.8335888,4.033152,2.036576,2.71251
RP233,3.542419,2.9438314,2.253567,2.902104,3.0639687,3.4988096,2.392435,3.2413146
RS101,2.8412225,2.3674233,2.5163062,2.374042,3.5153263,2.9764454,3.049268,3.826696
RS102,3.3150568,3.098145,2.0357928,3.0397189,2.7362428,3.4038537,2.3553905,2.8641658
RS103,3.0808122,2.341226,2.3614004,2.363233,3.4522717,3.1901548,2.81725,3.738739
RS104,2.8976996,2.8136952,2.8864725,2.6169038,3.0259435,2.8555338,3.29439,3.3500853
RS105,2.8892908,2.5644794,2.6441574,2.4784007,3.2287366,2.9288116,3.1537538,3.4186394
RS106,2.9308088,2.2659688,2.5632212,2.3286333,3.566082,3.0217776,3.0691102,3.8525972
RS107,3.0846717,2.6495066,2.609525,2.4184737,3.3852172,3.1249795,3.066018,3.6380396
RS108,2.832854,2.6031806,2.806736,2.479177,3.3100107,2.771889,3.1452844,3.5580702
RS110,3.088073,2.6720183,2.279357,2.5850756,3.0251155,3.136369,2.471772,3.4891896
RS111,3.1434264,2.9309971,2.1397293,2.8849492,2.6971347,3.1129258,2.5079415,3.0300498
RS112,3.0778632,3.13889,2.4140825,2.9568632,2.7579992,3.0276713,2.7564616,2.9253767
RS113,3.134635,2.2864819,2.2551231,2.4661405,3.4420009,3.1863213,2.59244,3.7479432
RS114,2.9362524,2.473744,2.0887058,2.3967404,3.4104166,3.2557187,2.6189172,3.5254958
RS115,3.1699007,2.6510189,2.2291107,2.6419935,3.0242846,3.2025895,2.663739,3.449421
RS116,3.2922533,2.7657902,1.8310554,2.4300003,2.9008071,3.256816,2.6951683,3.0600717
RS117,3.2606585,2.528821,2.2340848,2.6371608,3.099704,3.3962507,2.4385753,3.4297981
RS118,3.898362,3.5783079,2.2753468,3.5507505,2.3270588,3.4528222,2.3071086,2.5999613
RS119,3.090098,2.6067653,2.3744655,2.5105703,3.0537083,3.1488237,2.817507,3.325042
RS120,3.0204377,2.7528327,2.4060528,2.5887156,2.9962482,3.013843,2.7129061,3.3614547
RS121,3.1939442,3.1034262,2.260414,2.9742584,2.7185948,3.2561495,2.5580616,2.8917544
RS122,3.1654472,2.6598172,2.2325475,2.6208208,3.1924589,3.3610933,2.6312883,3.4510167
RS123,3.1213121,2.3497305,2.4609714,2.462666,3.387481,3.088165,2.7966075,3.7340977
RS124,3.273206,2.69114,1.9762228,2.5588713,2.9348772,3.41566,2.4868875,3.1832147
RS125,2.8395395,2.5908153,2.4524553,2.4182818,3.10192,2.8764393,2.8578813,3.5248425
RS126,3.3579533,2.6781948,1.9638157,2.6985195,3.1891618,3.578919,2.4081414,3.2378986
RS127,2.870435,2.542172,2.3274875,2.542088,3.2601001,3.0892324,2.7979445,3.3460422
RS201,2.9653454,2.8557205,2.565317,2.6682203,3.0250437,2.9780123,3.0208626,3.0760427
RS202,3.0253959,2.9252143,2.3200934,2.5770798,2.8305688,2.867437,2.8566284,3.035427
RS203,2.8713722,2.4630444,2.5037436,2.4230025,3.420323,3.0224032,3.0760639,3.7625983
RS205,2.9895246,2.5038629,2.3407238,2.505318,3.3671553,3.0789783,2.7087703,3.5427353
RS206,2.9888518,2.7319794,2.5204513,2.5330698,3.0613997,3.0796537,2.8114338,3.367168
RS207,2.7529833,2.7773786,2.5352335,2.5934994,3.000405,2.798896,2.9742684,3.179118
RS208,2.668564,2.8678606,2.6649551,2.6247365,2.8756475,2.7453966,3.1335163,3.1592054
RS209,2.9912326,2.255492,2.4810386,2.2195847,3.7315278,3.106751,3.0928807,3.9751458
RS210,2.4545984,3.0039086,3.4731846,2.7867742,2.7999682,2.2676992,3.845022,3.1248276
RS211,3.0473073,2.2247608,2.299136,2.23256,3.8097844,3.2674716,2.9239779,4.0000353
RS212,3.1310563,2.7227416,2.353656,2.6590548,3.0691872,3.1522896,2.466362,3.2194977
RS213,3.273599,2.9855251,2.2382786,2.8541722,2.8065894,3.2793648,2.4015,2.9153323
RS214,2.8242955,2.6458235,2.5468347,2.4228768,3.2679193,2.865344,3.2019305,3.486546
RS215,2.9965842,2.437807,2.4027436,2.4433472,3.4260287,3.0358815,2.8801646,3.4869714
RS216,2.8480225,3.2606966,2.5678005,2.8211772,2.6503055,2.947026,2.709983,2.8953474
RS218,3.1275134,2.522771,2.387121,2.4200351,3.3634803,3.3856285,3.1337965,3.4038231
RS219,2.5981638,3.144059,2.7270525,2.623258,2.707375,2.466443,3.291001,2.973608
RS220,2.843424,3.0074327,2.216103,2.583439,2.847566,2.9466312,2.6390805,3.0463207
RS221,3.4270127,3.0043185,2.2175658,2.9014623,2.8694491,3.5246735,2.4939497,2.9332132
RS222,2.6466396,3.7520275,3.0540578,3.1379166,2.1114807,2.3264527,3.5342138,2.5392368
RS223,2.7835622,2.6794245,2.687349,2.4417048,3.1403387,2.8787658,3.1893806,3.3791232
RS224,2.537516,3.1987193,2.7343283,2.7050438,2.7380452,2.6679072,3.1907732,2.979219
RS225,2.7915587,2.7267978,2.7292309,2.5181713,3.1596258,2.8540735,3.096778,3.3986182
RS226,3.0629654,2.725136,2.1172872,2.6808333,3.137699,3.287822,2.5081048,2.8721929
RS227,3.1427336,3.5100307,2.957649,3.2425177,2.2781184,2.9085143,2.8463,2.574466
RS228,3.122096,2.976962,2.2316992,2.7753434,2.8653047,3.269576,2.5721316,2.9119248
RS229,2.9903858,2.7017345,2.3991475,2.4878201,3.2626615,3.2017994,2.5816076,3.3716316
RS230,3.039294,2.9208276,2.4110737,2.6445498,2.971274,3.3043349,2.692224,3.1248066
RS231,2.6120136,3.0233533,2.7343488,2.7844129,2.9152524,2.681557,3.1499758,3.0445635
RS232,2.5279224,3.3335147,3.0164726,2.8507726,2.484899,2.6854827,3.3649185,2.615821
RS303,2.631685,2.8772388,2.6273296,2.58767,3.01086,2.8626347,3.0999174,3.146482
RS304,2.759178,2.9541059,2.6577818,2.8299916,2.8166387,2.7327576,2.9874675,3.0902128
RS305,2.6584322,3.1867998,2.8393114,2.9956841,2.658431,2.5064034,2.9749837,3.0440707
RS306,2.8411636,2.6782904,2.560622,2.5808554,3.1493917,2.9464676,2.8851774,3.3373988
RS308,3.0622144,2.2084463,2.1604857,2.1670105,3.8716893,3.3462505,2.8219645,3.9762733
RS309,3.0416582,2.5174851,2.1721106,2.4784412,3.1799526,3.2057216,2.4106116,3.324732
RS310,3.2900553,3.4270694,2.28809,3.209546,2.5275042,3.139205,2.563484,2.5722787
RS311,2.3323827,2.9369576,3.2302961,2.4750855,3.1242807,2.4527073,3.7587233,3.4943259
RS312,3.8743656,3.348572,2.0270648,3.3611007,2.7453554,3.770398,1.9632629,2.6436262
RS313,3.22578,2.4329767,2.2645187,2.4888937,3.3334785,3.328166,2.5158987,3.4148328
RS314,2.879259,3.3110116,2.5925303,3.0071642,2.6063488,2.801527,2.9707348,2.5895805
RS315,2.7189438,3.0254872,2.9284844,2.6401227,2.8460245,2.580814,3.6377916,3.2334764
RS317,2.6916044,3.7405365,2.847053,3.1012058,2.1906612,2.216933,3.282619,2.5214643
RS318,3.0150623,3.7495909,2.6423888,3.346017,2.094372,2.7636561,2.7553606,2.371383
RS319,2.8890004,2.8598082,2.2930129,2.651114,2.8269176,2.9067261,2.7786028,3.1213775
RS320,3.1158133,3.4761615,2.554018,3.1174996,2.4409323,2.801189,2.8889053,2.6723
RS321,2.7372549,3.5531387,2.9706857,3.1545482,2.3142538,2.5391705,3.2001302,2.515428
RS322,2.8371837,2.5646672,2.504663,2.3490603,3.3995762,3.0493958,3.0420191,3.6966689
RS323,2.9983194,3.2412016,2.820426,2.9014533,2.451094,2.7877462,2.987908,2.7062173
RS324,2.2396605,3.6211722,3.3897145,3.004008,2.1643252,2.062033,3.8205762,2.8007376
RS325,2.9171,3.1092544,2.6853247,2.8964183,2.672101,3.2077405,2.6766715,2.8612387
RS326,3.5576322,3.322207,2.0400424,3.159557,2.6103942,3.457573,2.4546225,2.588961
RS327,3.2553658,1.9685965,1.9415357,2.2052755,4.012422,3.5063255,2.74432,4.0753565
RS328,3.183356,2.8022726,2.235906,2.7256827,2.9847503,3.1903472,2.470171,3.1973474
RS329,2.2758074,2.4508066,2.672646,2.0150113,3.5108147,2.7158542,3.3691957,3.9336793
RS330,3.670196,3.1705081,1.859409,3.212421,2.7282052,3.721795,2.1247993,2.5791075
RS331,3.2873237,3.3159528,2.406129,3.0688663,2.641407,3.0952182,2.6686733,2.8489206
SC101,2.1710658,3.243107,3.5870574,2.582814,2.4700897,1.8117285,4.0152173,3.1529987
SC102,2.8436167,2.929554,2.7339675,2.6897876,3.0307095,2.9862459,3.1084297,3.0617077
SC103,3.1431623,2.6236618,2.4336998,2.6554945,3.17724,3.3223975,2.628999,3.0059886
SC104,3.1982775,2.9362278,2.3527575,2.8018904,2.993598,3.3625457,2.6373198,2.9949286
SC105,3.1782398,2.573498,2.1217296,2.567048,3.39385,3.2821937,2.6081378,2.924977
SC106,2.5176206,2.9219956,2.8507245,2.7628987,2.9909155,2.4271653,3.1351128,2.8287587
SC107,2.8793173,3.069216,3.0455296,2.8727353,2.6444986,2.6803813,3.1369004,2.8487594
SC108,2.2822335,3.2263343,3.2452993,2.66272,2.5801744,2.0530908,3.5310094,3.1442437
SC109,2.6864104,3.4155595,3.43753,3.2111046,2.163461,2.3521142,3.0243533,2.6408315
SC110,2.3648882,3.292137,3.6545174,2.8244882,2.419785,2.055568,3.7337885,3.099483
SC111,2.7578754,2.6683,2.5673218,2.562121,3.06278,2.8700364,2.8153915,3.2321792
SC112,2.7276466,2.7909112,2.8389235,2.641093,3.091546,2.8120403,3.11624,3.2292771
SC113,2.7045898,2.9743884,2.9716415,2.8057768,2.5698175,2.5454597,2.9313123,2.879144
SC114,2.0808659,3.7580087,3.9028058,3.0402067,2.0995116,1.6248989,4.011719,2.7748175
SC115,2.2560356,2.7054405,3.4113138,2.585201,2.9547958,2.3608751,3.4084544,3.283794
SC116,2.0977829,3.8651683,3.9505022,3.2246075,1.548738,1.6923546,3.8934402,2.4695156
SC117,2.6983776,2.719664,2.7383418,2.4393487,3.0161967,2.8730905,3.0756392,3.3759992
SC118,2.2910726,3.0158281,3.3760836,2.6188326,2.6593125,2.0373359,3.6000082,3.1114993
SC119,2.2373283,2.803435,3.32449,2.5007362,2.9782712,2.1025534,3.7431898,3.2804258
SC120,2.3640635,3.1765268,3.1096354,2.7482877,2.5593688,2.023586,3.4595637,2.9635024
SC121,2.6528513,3.652489,3.4085143,3.2749734,2.110201,2.3136065,3.2800164,2.678627
SC122,2.900294,3.4046063,2.968472,3.1592534,2.297683,2.5928571,2.9869483,2.6769257
SC123,2.671654,3.0893214,3.2250137,2.8610013,2.407783,2.3650315,3.1361833,2.8959029
SC124,2.8747804,3.3585048,3.0608587,3.0052145,2.3341377,2.4528618,3.0961342,2.7229476
SC125,2.6579783,3.5482175,3.569879,3.2358088,2.0919518,2.1218333,3.3254583,2.72457
SC126,2.6804543,2.732657,2.8461573,2.670976,3.0994036,2.8644805,3.0785327,3.1929486
SC127,2.292158,3.237008,3.3713644,2.7876344,2.369179,2.01734,3.5701752,2.9224393
SC128,2.480607,3.596058,3.3614352,3.1498322,2.0042207,2.0215178,3.4197578,2.6674938
SC129,2.4324152,3.2114995,3.4830194,2.8579082,2.316772,2.1613092,3.4963024,2.8527234
SC130,2.4663265,3.5448377,3.5115693,3.1580467,2.1347506,2.1547158,3.5001824,2.7194355
SC131,2.4251149,3.388799,3.564299,2.9787252,2.4734488,2.1540818,3.7037394,3.0919805
SC134,2.5355124,3.2979078,3.3393283,3.0541933,2.1301038,2.2013545,3.3527598,2.5230858
SC135,2.736137,3.2027793,3.2300482,2.9796207,2.3702679,2.4160967,3.0934882,2.8463728
SC136,2.7136233,3.4426732,3.2200723,3.1172712,2.1073465,2.19222,3.1726654,2.5723085
SC137,2.7499657,3.074814,3.1825092,2.8410606,2.715063,2.655233,3.2246172,3.0951993
SC138,2.622799,3.1653364,3.1934342,2.9009292,2.5485206,2.396733,3.1509688,2.9782562
SC139,2.7042174,2.868932,2.8694086,2.7202756,2.9212565,2.7591367,3.0310812,3.235946
SC140,2.232221,3.4555414,3.4519281,2.8275814,2.3715365,1.9445932,3.4635363,2.7514198
SC141,2.459409,2.894878,3.1611512,2.573566,2.787983,2.3583126,3.4466674,3.0870118
SC142,3.0037942,3.167538,2.8282094,3.087027,2.5063756,2.7839768,2.8613899,2.809466
SC143,2.8750017,2.6074712,2.6109228,2.3593237,3.2263393,3.0233462,2.9066775,3.4319637
SC144,2.3226259,2.5244336,3.0835502,2.4124641,3.3246207,2.5351415,3.466628,3.586277
SM301,2.4310567,3.6223726,3.2464767,3.068284,2.03859,2.0292919,3.5734868,2.6517196
SM302,2.5269992,3.2652278,3.2506318,2.8914301,2.4752908,2.2688332,3.6045406,2.7690547
SM303,2.9017072,3.6634238,2.9025502,3.410335,2.0974479,2.417708,3.2238483,2.3963032
SM304,2.4909215,3.5240433,3.6910884,3.0261903,2.0537572,2.2264924,3.6275554,2.614585
SM305,2.18455,3.772458,3.9518003,3.208245,1.7204257,1.8696953,3.9169598,2.491949
SM306,1.943545,3.6873527,3.7995598,3.119536,1.7922434,1.697831,3.9221106,2.6290112
SM307,2.887618,3.4421713,2.9706264,3.1874182,2.203153,2.6071498,2.9350212,2.5317125
SM308,2.496456,3.6783464,2.9196906,3.2592447,2.0171163,2.0564287,3.3934817,2.5380502
SM309,2.9903321,3.8765666,2.9634402,3.5210261,1.7985826,2.404394,3.0388818,2.362162
SM310,2.7996006,3.8855667,3.0385654,3.4519162,1.7694579,2.2622757,3.258786,2.4421468
SM311,2.3024898,3.6048524,3.6997602,2.9156048,2.0615613,2.1069756,3.8088129,2.5430539
SM312,2.6081188,3.927432,3.4176583,3.4237316,1.8325642,2.1571205,3.3796096,2.4355612
SM313,2.133116,3.444859,3.445072,2.8909833,2.1822865,1.9107488,3.876755,2.7091246
SM314,2.6299658,3.5898817,3.294199,3.0972712,2.0094197,2.2626338,3.6228545,2.5539088
SR101,2.4293697,3.050316,3.251918,2.717474,2.7622736,2.2627494,3.4008493,3.0639591
SR103,2.0167427,3.1021402,3.545042,2.6259418,2.6306021,1.7592019,3.9283867,3.120397
SR104,2.4399283,3.2506685,3.49256,2.711286,2.4961476,2.052849,3.6278093,3.0236673
SR105,2.3619843,3.7209148,3.4760695,3.1576889,2.134857,1.9520684,3.7877033,2.6464872
SR106,2.0200527,3.7044623,4.0398846,2.9201794,1.9446276,1.5838431,4.070556,2.9724915
SR107,2.462412,3.369701,3.2500632,2.9423866,2.303681,2.2724168,3.3944664,2.7590408
SR108,2.5469713,2.9835021,3.1922343,2.7099931,2.6338377,2.3432693,3.3533058,3.105812
SR110,2.9241645,3.2931523,2.7356648,3.0906143,2.2779813,2.653422,2.8822725,2.768955
SR111,2.2156086,3.296296,3.5986652,2.8270075,2.379748,1.8010483,3.6627047,2.840807
SR112,2.4762335,3.1313868,3.3821914,2.8024836,2.3053682,2.2300954,3.2768126,2.8275635
SR114,2.5798016,3.498797,3.331979,3.1280987,2.1925626,2.3281345,3.249112,2.7540746
SR115,2.4859502,3.5920906,3.6439207,3.1661146,2.1367536,2.1987734,3.5557034,2.7829957
SR116,3.2064795,3.341881,2.8023152,3.2912388,2.4701877,3.0447392,2.6795228,2.6679404
SR117,2.871465,3.1108418,2.8236878,2.884964,2.6868956,2.7787368,3.029835,2.9472668
SR118,1.7644556,3.5819705,3.7111976,2.7995203,2.2124376,1.8535386,4.047122,2.8236022
SR119,2.3702648,3.3914695,3.343333,3.0358713,2.4060104,2.1023703,3.5243177,2.8800066
SR121,2.457708,2.9923022,3.1507974,2.7047355,2.7235653,2.3476148,3.3568985,3.0558474
SR123,2.5998318,3.456046,3.5257924,3.1729136,2.0565324,2.2960465,3.6469297,2.580878
SR124,2.0727103,3.2497578,3.3610086,2.5446365,2.3704057,1.8401836,3.9462433,2.835289
SR125,2.6577694,3.4470398,3.1733248,3.0319426,2.2146342,2.2718751,3.1728454,2.695297
SR126,2.140936,3.1132762,3.398864,2.6644704,2.4947536,1.9203119,3.8985343,3.0485177
SR128,2.1725228,3.5617304,3.9261656,2.9821332,1.9835316,1.7711458,4.035942,2.7909782
SR129,2.5576637,3.1232908,3.4066837,2.631643,2.6142197,2.2507315,3.5794027,2.9536507
SR130,2.2054374,3.4454541,3.5343726,2.8116913,2.3883736,1.8959316,3.926145,2.9214597
SR131,2.180407,3.6983078,3.7848725,3.1528978,1.8251936,1.8108741,3.562866,2.5862005
SR133,2.7066946,3.7493339,3.3285267,3.2773936,1.9194068,2.2415307,3.2560349,2.465762
SR134,2.707361,3.6509242,3.1254866,3.225738,2.1021538,2.3635008,3.0937474,2.6146123
SR137,2.2140548,3.2309618,3.5636082,2.6317723,2.5836432,2.0210347,3.7890668,3.0297174
SR139,2.4573405,3.2353601,3.0575366,2.869535,2.4806447,2.2217958,3.3318381,2.8673255
SR140,2.2991128,3.4189405,3.5920358,2.8407702,2.31834,2.034456,3.8057203,2.9535425
SR144,2.5639937,2.880141,2.9083555,2.5848362,2.6980028,2.3660145,3.0710988,2.8909826
SR145,2.4673805,3.3081949,3.3036933,2.942948,2.3039942,2.104696,3.3281856,2.563984
SR146,2.2327526,3.0429199,2.9160037,2.62422,2.4898093,2.0069108,3.3444536,2.869793
SR147,2.552841,3.2524154,3.4606495,2.9173932,2.3979108,2.174138,3.4727373,2.9337547
TM101,2.41005,3.4325404,3.2571192,2.8798623,2.322144,2.3146358,3.3750663,2.6930318
TM102,3.1019366,3.5750484,2.8419912,3.376671,2.1371627,2.9042022,2.6401098,2.3575406
TM103,2.6802578,3.656591,3.487745,3.1427386,2.0201705,2.542377,3.2970626,2.5601618
TM104,3.0352788,3.4452531,2.992418,3.2186913,2.2593856,2.8205047,3.021915,2.502906
TM106,3.3599741,3.2789,2.6923459,3.2382283,2.5780182,3.2375417,2.6495116,2.6796865
TM107,2.4797988,3.808045,3.067172,3.3070493,1.9820737,2.2891235,3.213507,2.5372434
TM108,3.05182,3.6120338,2.8564923,3.2996213,2.233967,2.8452861,2.6717885,2.4881308
TM109,2.477166,3.3788095,3.480097,2.9743643,2.306981,2.3378825,3.6573186,2.7085545
TM110,2.9314723,3.6753013,2.9208636,3.296776,2.0016217,2.6517677,2.934061,2.4189909
TM111,1.9761454,3.5698009,3.8449361,2.846444,2.182124,1.7938628,4.0159717,2.8043296
TM112,2.2486753,3.4544275,3.607866,2.7059412,2.4636955,2.154019,3.8283174,2.8767798
TM113,2.81101,3.5085244,3.2035577,3.0945003,2.226579,2.506136,3.1661355,2.5459158
TM115,2.2211888,3.3837872,3.5481477,2.947844,2.4658406,2.0261238,3.857054,2.9907048
TM116,2.540723,3.9279122,3.4010603,3.3978343,1.7468907,2.1844294,3.415848,2.3975854
TM117,2.562498,3.9357777,3.2300353,3.4374344,1.854534,2.169284,3.2431474,2.4801166
TM118,2.612273,3.337308,3.1092665,2.8744376,2.335361,2.471561,3.3299387,2.7669709
TM119,2.8942955,3.0736613,2.7777994,2.9822278,2.6443036,2.8066192,2.9061906,2.811154
TM120,2.6233935,3.879694,3.1554544,3.3190207,1.8176155,2.2382777,3.3500874,2.3761008
TM121,2.513267,3.1653483,2.942895,2.9583511,2.6920466,2.6617873,3.0856228,3.070485
TM122,2.409198,3.167123,3.4001236,2.6907043,2.5655584,2.1599681,3.6293876,2.8418088
TM123,2.363007,3.8436973,3.454944,3.2244446,1.6799698,2.038546,3.6750748,2.467057
TM124,2.8778868,3.585854,2.9240775,3.2093487,2.1983306,2.583063,3.055387,2.5954814
TM126,2.7873325,3.4934554,2.6941473,3.0801127,2.337267,2.6949587,2.9792855,2.7156992
TM127,2.7149024,3.413031,2.8267355,3.1385298,2.451826,2.6614668,3.019423,2.8301966
TM128,2.267591,3.2090747,3.2927814,2.4932165,2.3347516,1.8759366,3.684005,2.922664
TM129,3.1911082,3.15741,2.2865386,2.9030552,2.7301712,2.9656525,2.7425463,2.78425
TM130,2.7572517,2.9326255,2.7831783,2.6338136,2.8840015,2.7751741,3.085232,3.1036026
TM133,2.9638565,3.1686056,2.4254906,2.8987222,2.719911,2.9443967,2.829418,2.824459
TM201,2.3084118,3.327109,3.308812,2.595567,2.4304485,2.3071775,3.6742272,2.749326
TM202,3.0303228,3.3838189,2.8906724,3.017865,2.305973,2.7102873,2.8504395,2.4790282
TM203,2.2794569,3.5650876,3.4289274,2.9072635,2.1925123,2.1939728,3.8006315,2.6772637
TM204,2.6556232,3.411818,3.2221522,2.8857763,2.3729563,2.4997072,3.3306987,2.6706023
TM205,2.4965215,3.638046,3.294876,2.934767,2.1535933,2.3828611,3.569473,2.6197062
TM206,2.0275674,3.297359,3.4844544,2.4778745,2.5859003,2.1280296,4.184515,2.8887208
TM207,2.7712858,2.9773667,2.8304775,2.6344087,2.9881456,2.8015847,3.3333979,3.024756
TM208,2.2115972,3.2892342,3.346929,2.6310296,2.4851787,2.0637138,3.7808225,2.8137333
TM209,2.713371,3.8448877,3.367389,3.3746204,1.8769996,2.2976665,3.2929769,2.3913908
TM211,2.987133,3.5643132,2.8773525,3.111388,2.2391458,2.8309739,3.003442,2.5179846
TM212,2.672875,3.7012815,3.4124684,3.2265239,1.9681822,2.4346547,3.453438,2.5604205
TM213,2.1724176,3.441917,3.641532,2.8498282,2.4656348,2.0796983,3.9606843,2.9098103
TM214,2.6476285,3.4628205,3.232067,3.1579494,2.1903543,2.3199048,3.2652225,2.5397024
TM215,1.9942226,3.947029,3.8017054,3.3277836,1.4675984,1.7905859,3.9304128,2.5211866
TM216,2.2906957,3.2081256,3.3804505,2.6186512,2.7485347,2.2480264,4.0445156,3.1088214
TM217,2.6854386,3.1566734,3.0019028,2.765746,2.6613982,2.5808866,3.328182,3.04627
TM218,2.8368075,3.8094182,2.8370044,3.3904262,1.9323251,2.7823071,2.9532092,2.4191403
TM219,2.796135,2.9014661,2.474282,2.7908623,2.967188,2.8362312,2.9594831,3.242962
TM220,2.3310788,2.7813213,3.3775918,2.3438478,3.025825,2.469212,3.7223952,3.0870218
TM221,2.9181614,2.857754,2.5107806,2.5497842,3.1178758,3.128911,3.0567663,3.31417
TM222,3.0873015,3.0789413,2.690979,2.7881591,2.767776,3.1017613,2.9393685,3.0073488
TM223,2.3290768,3.3811085,3.240033,2.8504958,2.3904557,2.0360515,3.602265,2.7858422
TM226,2.9727442,3.6150515,3.0242834,3.2116423,2.0806334,2.8041086,3.1268244,2.4938543
TM229,2.2757683,3.3120959,3.4051445,2.729519,2.3938923,2.062245,3.752151,2.9181979
TM230,2.836784,3.8613951,3.1162326,3.2842677,1.7380259,2.3517935,3.2422993,2.307577
TM231,2.730586,3.0071328,2.5331666,2.6556673,2.8126547,2.8102775,2.8327556,3.3369203
TM232,2.569826,3.072198,3.0001233,2.7460403,2.8847704,2.6214669,3.361098,3.0542624
TM301,2.9752386,2.6287909,2.2997844,2.3723688,3.3472114,3.1725588,2.7187662,3.5352902
TM303,3.7603557,3.0482557,2.3308127,3.263945,2.94332,3.70254,2.2182903,2.6769152
TM304,3.2122366,3.053412,2.355544,2.9793844,2.648882,3.4165468,2.3425512,2.8626359
TM306,3.3744361,2.9085116,2.506823,2.8450575,2.8192759,3.3382723,2.5336819,2.8801157
TM307,3.0977407,2.948844,2.3058636,2.6729074,2.8970125,3.228553,2.565584,2.9052312
TM308,3.4305477,3.0321453,2.3742995,3.094153,2.7967172,3.3046403,2.4067087,2.8887267
TM309,2.5780282,3.0326755,3.123609,2.6971965,2.8048968,2.5587873,3.380491,3.292155
TM310,2.010825,3.307198,3.6456823,2.620006,2.5255291,1.8879143,4.0559807,3.034053
TM311,2.8769867,3.373028,3.0887814,2.9693031,2.4481232,2.6130211,3.1853373,2.8484635
TM312,2.5957515,3.745455,3.4243884,3.0521357,2.1586711,2.144138,3.3682423,2.635293
TM316,3.2445607,3.0377257,2.2663019,2.9584322,2.6901653,3.394887,2.532912,3.1330438
TM318,2.7772071,3.331012,2.9823349,2.9092526,2.2801309,2.5159745,3.049131,2.5725918
TM319,2.9017727,3.11361,2.8404531,2.7850502,2.6647835,2.853234,3.3155024,2.8987815
TM320,2.9595325,3.2299447,2.905479,2.9866035,2.4401348,2.7303433,2.8666618,2.694061
TM321,2.8489625,2.776714,2.7751102,2.4057868,3.150338,2.8746324,3.4270754,3.0743454
TM325,2.765377,3.4389877,3.2899215,3.0662143,2.2619815,2.5356245,3.598167,2.7114058
TM326,1.8986996,3.2063277,3.5125706,2.4665205,2.6853654,1.9605545,4.359784,2.9664297
TM327,3.1493819,3.2808359,2.6858318,2.9487567,2.5086696,3.1095235,2.8415,2.742386
TM328,2.7027168,3.4695776,3.3304338,2.9436083,2.277055,2.2893834,3.3863928,2.7288103
TM329,2.8771975,3.6785798,3.0194151,3.2079744,2.0502522,2.7075913,2.971677,2.4245088
TM330,2.3404648,3.2949226,3.4062316,2.6285079,2.4351149,2.1110303,3.683958,3.0351574
TM331,2.8685136,3.3159456,3.2908475,2.9209564,2.409448,2.6185374,3.4535484,2.9189289
TM332,2.946898,3.3274348,2.7782693,2.9699304,2.523236,2.727059,2.9209526,2.8275506
TM333,2.8744721,3.2525156,2.949578,2.8538992,2.3561108,2.8118427,3.032501,2.7035444
TM334,3.337274,3.502127,2.6707218,3.3670673,2.3435698,3.0968513,2.578237,2.511773
TM335,2.7706907,3.429572,3.180495,2.960167,2.2038076,2.5968757,3.0516114,2.6119893
TM336,2.9732084,3.5272667,2.8182504,3.0786088,2.2752962,2.990296,2.9171069,2.5172095
TS203,2.7669194,2.8676398,2.8415558,2.6029427,3.076421,2.7947345,3.2765467,3.2659128
TS205,2.4908738,3.3400156,3.2716258,2.8160584,2.544108,2.3673823,3.5677881,3.33481
TS206,2.4086163,3.3747756,3.1330621,2.7992337,2.3911488,2.3901653,3.4108822,3.0449855
TS207,2.5381603,3.3931375,3.1436982,2.908384,2.2788107,2.3472338,3.175233,2.6197088
TS210,2.9777122,2.7344723,2.39662,2.5414906,3.1840086,3.1648884,2.6842504,3.3084435
TS212,2.8070648,3.7341604,3.202065,3.254137,2.0525296,2.3841727,3.318907,2.4911337
TS213,2.2648253,3.2737668,3.416521,2.7646394,2.630953,2.1906831,3.5987995,3.1660466
TS214,2.4040756,2.8743553,2.734452,2.4389231,2.9499009,2.4219766,3.2696638,3.172693
TS216,2.1875687,3.3114753,3.3949277,2.5707784,2.446904,2.1242137,3.7017431,2.9066262
TS217,2.208727,2.7310753,3.1470494,2.3290415,3.278078,2.262864,3.76913,3.7236588
TS218,2.225647,3.2715876,3.5984578,2.7734249,2.4718258,1.9691478,3.8552203,3.101308
TS220,3.0545695,3.1186101,2.5444663,2.9148695,2.6009784,3.064746,2.580771,3.054407
TS221,2.5906,3.3995352,3.4277132,2.8696296,2.312419,2.1730707,3.4997435,2.7942965
TS223,2.25293,3.7655258,3.5435429,3.0802073,1.9443684,1.8386259,3.7876365,2.648728
TS224,3.2047737,3.744683,2.587753,3.5323029,2.227256,2.8433955,2.4910595,2.4560626
TS225,2.0118563,3.5907388,3.7421951,2.803283,2.3753085,1.8289512,4.0546365,3.0887475
TS226,2.3743854,3.0751193,2.8554368,2.5488386,2.7513587,2.4474812,3.2064495,3.0781307
TS229,2.5697563,2.8264587,2.8848202,2.3837266,2.9777899,2.6790097,3.408919,3.3323877
TS230,3.2270217,3.075364,2.5851052,3.0138767,2.7518835,3.1100287,2.6614528,2.8410256
TS231,2.6515965,3.3210917,3.3161077,2.855296,2.2766454,2.334616,3.398556,2.8172042
TS232,2.28625,3.0365727,3.2324185,2.380735,2.891524,2.3303485,3.7179961,3.4827597
TS233,1.943015,3.3235388,3.9746764,2.6018775,2.404596,1.6651573,4.240373,3.1272871
TS234,2.2857432,3.194269,3.1381443,2.732519,2.4804094,2.0171912,3.5315633,2.9206138
TS235,2.7892315,3.3160787,2.9136984,2.986947,2.5568027,2.631063,3.1781223,2.8236544
TS236,2.467825,3.53966,3.318278,3.0176291,2.1411967,2.1973898,3.4822445,2.7398152
TS237,2.6602101,3.3851223,2.9874928,3.1132312,2.2740355,2.520988,3.0177672,2.6044166
TS302,1.7940185,3.105615,3.6956248,2.3596597,2.6589704,2.0294828,4.1707783,3.2955203
TS303,2.296033,3.441343,3.1340213,2.8273554,2.5081797,2.2313833,3.556007,2.8952684
TS304,2.7646732,3.8092995,3.31228,3.4211705,1.8937373,2.3340783,2.9754214,2.5703862
TS305,2.7076309,2.8548048,2.6806028,2.5502584,3.2430537,2.7190142,3.094932,3.4060829
TS306,2.6441329,3.574549,2.8685076,3.0462558,2.147063,2.432399,3.052899,2.5103195
TS309,2.710369,3.0865843,3.0148184,2.7609138,2.6211002,2.460299,3.2804656,2.872647
TS310,3.3274076,3.2647188,2.5705435,3.174117,2.5583675,3.298216,2.605031,2.669082
TS311,2.880418,3.1278765,2.7383654,2.9334545,2.812782,2.743781,3.0207148,3.0576622
TS312,3.0165834,3.2065966,2.5450506,2.9765108,2.7567127,2.9932413,2.7107925,3.0052865
TS313,2.3544989,3.1544292,3.2424397,2.6613157,2.7399056,2.1543145,3.6104083,3.109477
TS314,2.4728022,2.7764142,3.034476,2.5124092,3.266106,2.5285223,3.5259066,3.6398783
TS315,3.1170676,3.1656494,2.350232,2.940565,2.7358437,3.1837468,2.4999692,2.877736
TS316,2.7643278,3.540827,3.3543622,3.2076638,2.4047248,2.392689,3.5088513,2.9128847
TS317,2.454857,3.043681,2.9823759,2.7245584,2.7599642,2.3829746,3.4207866,3.0773761
TS318,3.1185637,3.3797302,2.6094875,3.245336,2.5451381,2.877957,2.5752718,2.8002415
TS319,2.7519078,3.4380515,2.8933768,2.9653356,2.454283,2.4867263,3.3253303,2.8418746
TS320,2.6999342,3.1436856,3.1025105,2.8220358,2.6021264,2.5872266,3.4649184,2.7987072
TS321,3.2021663,3.8158247,2.750848,3.5399125,2.164784,3.0522406,2.7080915,2.5580575
TS322,2.4777558,3.2036796,2.8894548,2.5901794,2.7427332,2.3968294,3.6070693,3.105837
TS323,2.6444955,3.24931,3.0957835,2.8403046,2.4762652,2.3532007,3.2809644,2.9697437
TS401,2.4462883,3.579542,3.1954408,3.1060758,2.1314793,2.1254807,3.5870004,2.6618333
TS407,2.602633,3.590648,3.1707792,3.133944,2.143334,2.4197655,3.3259645,2.6847916
TS408,2.1983616,3.3942542,3.496438,2.8281987,2.1507926,1.9343871,3.8706803,2.9423773
TS411,2.7563922,3.2277298,2.8161783,2.8774252,2.4749322,2.6918256,2.8284326,2.6125808
TS412,3.1976507,3.3011746,2.5901585,2.9596941,2.6478798,3.0498893,3.185206,2.6934419
TS413,1.9152291,3.1530087,3.7321775,2.832957,2.2279081,1.7193786,4.183991,2.9120731
TS414,2.3641949,3.1533315,3.0636945,2.7304912,2.3115013,2.0559905,3.5302458,2.7615557
TS415,2.6010985,3.3939679,3.056753,3.005958,2.44393,2.2479904,3.405069,2.7480927
TS417,2.5808382,3.609088,3.2097812,3.0712857,2.1725748,2.3210206,3.6314235,2.753125
TS418,2.443163,3.1535342,3.6439033,2.792932,2.4862385,2.1216195,3.5263636,2.8606915
TS419,2.2857974,3.418352,3.356473,2.9893363,2.1010087,2.0312386,3.7087321,2.6933377
TS420,2.8770192,3.4797318,2.83813,3.0468447,2.342492,2.9149942,2.980192,2.5742438
TS421,2.0613992,3.7764232,3.643414,3.1118581,1.691686,1.5996567,3.9499307,2.7171893
TS422,2.6970909,3.7156103,3.0701497,3.240794,2.008581,2.4249246,3.2855842,2.4365816
TS423,2.2576747,3.6983483,3.5582721,3.1396937,1.7707149,1.7937213,3.8091207,2.5312986
TS424,1.9526808,3.8063104,3.6885145,3.0271218,1.6697199,1.7147864,4.0406146,2.6592572
TS425,3.1540854,3.114279,2.4288807,2.8826437,2.7423074,3.1188965,2.8979244,2.7487798
TS426,2.7720942,4.0004063,3.0600016,3.4843411,1.8646439,2.3008888,3.177879,2.5346217
